"date","SO2","CO","O3","PM2.5","PM10","NO2","NO","patient","allergy","hives","RH","TEMP","rain","WS_HR","WWIND","WIND","time"
2017-01-03,4.47976641414141,0.613854166666667,28.1302083333333,53.6832729468599,99.0320048309179,24.9759424603175,6.13571428571429,10,4,6,79.7604166666667,21.8854166666667,0,1.15138888888889,1.44791666666667,1.44791666666667,1
2017-01-04,5.26909722222222,0.596770833333333,29.9048611111111,49.6041666666667,97.9201388888889,25.0692330917874,5.27083333333333,0,0,0,77.3090277777778,22.4930555555556,0.00138888888888889,1.13263888888889,1.46736111111111,1.46736111111111,2
2017-01-05,3.10520833333333,0.511840277777778,28.896875,41.6215277777778,78.5659722222222,20.7912741545894,4.19722222222222,10,6,4,76.5694444444444,22.5138888888889,0,1.17708333333333,1.86875,1.86875,3
2017-01-06,4.41736111111111,0.517777777777778,25.0725694444444,47.7131642512077,81.3949275362319,22.0717803030303,5.97222222222222,8,3,5,74.9375,22.75,0,1.19236111111111,1.728125,1.728125,4
2017-01-09,5.61805555555556,0.788055555555556,29.70625,43.0531400966184,102.222675120773,26.2570501207729,6.92013888888889,3,3,0,75.1493055555556,22.3784722222222,0,1.23611111111111,1.68576388888889,1.68576388888889,5
2017-01-10,5.61111111111111,0.7834375,32.1059027777778,48.0218900966184,102.161067193676,27.0197916666667,6.6125,12,4,8,71.6423611111111,21.4305555555556,0.0277777777777778,1.23645833333333,1.76423611111111,1.76423611111111,6
2017-01-11,6.38817934782609,0.720078502415459,37.8737373737374,59.2465277777778,112.25,25.8891865079365,4.16071428571429,3,1,2,72.7673611111111,21.5868055555556,0,1.23784722222222,1.70069444444444,1.70069444444444,7
2017-01-12,5.09375,0.601493055555556,30.9,46.1215277777778,96.5868055555556,23.89650719148,4.35486111111111,6,3,3,76,21.7708333333333,0.000694444444444444,1.34375,2.046875,2.046875,8
2017-01-13,4.23715277777778,0.676319444444444,25.1413194444444,50.9097222222222,93.6006944444444,26.6809027777778,4.57638888888889,13,6,7,75.3194444444444,21.9583333333333,0,1.2875,2.18194444444444,2.18194444444444,9
2017-01-16,4.44652777777778,0.534340277777778,21.0319142512077,27.2465277777778,62.3645833333333,24.5920138888889,5.365625,1,1,0,70.1076388888889,19.4930555555556,0.000694444444444444,1.36458333333333,1.95416666666667,1.95416666666667,10
2017-01-17,4.77951388888889,0.540347222222222,25.0548611111111,35.0173611111111,79.5451388888889,26.8497023809524,6.52301587301587,15,7,8,71.4513888888889,20.1805555555556,0.000694444444444444,1.28472222222222,2.01527777777778,2.01527777777778,11
2017-01-18,4.10199275362319,0.487341485507246,31.0307449494949,34.7951388888889,74.6284722222222,22.7046296296296,3.40988669590643,3,0,3,74.3680555555556,21.6006944444444,0,1.28958333333333,2.05034722222222,2.05034722222222,12
2017-01-19,3.93576388888889,0.515590277777778,27.7527777777778,33.3159722222222,71.7951388888889,23.473097826087,4.69791666666667,5,3,2,72.4791666666667,23.0034722222222,0,1.26666666666667,1.98993055555556,1.98993055555556,13
2017-01-20,3.35763888888889,0.620694444444444,21.8673611111111,41.1287878787879,98.7013888888889,24.754797979798,4.23251262626263,12,8,4,72.9444444444444,20.0104166666667,0,1.29826388888889,2.55486111111111,2.55486111111111,14
2017-01-23,5.80590277777778,0.630416666666667,33.0535326086957,44.4236111111111,109.163194444444,28.0485795454545,4.34717261904762,2,0,2,62.8784722222222,19.6041666666667,0,1.20625,1.64791666666667,1.64791666666667,15
2017-01-24,5.478125,0.672569444444444,24.4354166666667,46.665404040404,109.724431818182,31.5874396135266,6.34207427536232,13,12,1,64.6875,19.6423611111111,0,1.13923611111111,1.96269625603865,1.96269625603865,16
2017-01-25,4.77569444444444,0.544861111111111,24.5871527777778,35.5996376811594,82.055404589372,27.5111111111111,5.58055555555556,6,0,6,68.6597222222222,19.1840277777778,0,1.25104166666667,2.26006944444444,2.26006944444444,17
2017-01-26,3.76041666666667,0.504131944444444,34.6628472222222,34.9651268115942,72.3769625603865,20.7097222222222,3.33368055555556,8,6,2,69.96875,18.3784722222222,0,1.32986111111111,2.25798611111111,2.25798611111111,18
2017-02-02,4.09484649122807,0.511640446224256,28.6402412280702,28.3159722222222,72.7152777777778,20.0015716374269,3.00122441520468,8,6,2,69.5853435672515,19.9082602339181,0,1.24128289473684,1.96215277777778,1.96215277777778,19
2017-02-03,4.03611111111111,0.5771875,30.1579861111111,39.0831823671498,87.1597222222222,22.8569444444444,3.83993055555556,6,3,3,70.0138888888889,20.1180555555556,0,1.32569444444444,1.99618055555556,1.99618055555556,20
2017-02-06,4.30034722222222,0.692951388888889,29.8,51.2364130434783,111.038496376812,23.2321510297483,6.03921783625731,2,1,1,73.9722222222222,21.28125,0.000694444444444444,1.28680555555556,1.78402777777778,1.78402777777778,21
2017-02-07,4.79722222222222,0.560495580808081,33.5648042929293,48.7897041062802,116.243055555556,23.3204861111111,4.62896825396825,24,11,13,67.625,20.8298611111111,0,1.36527777777778,1.73402777777778,1.73402777777778,22
2017-02-08,4.51440746753247,0.454444895382395,33.7723484848485,33.1669823232323,90.1698232323232,20.9088073025653,4.68148358585859,8,2,6,66.0050505050505,20.9902146464646,0,1.41243686868687,2.55549242424242,2.55549242424242,23
2017-02-09,2.75601851851852,0.402650462962963,26.6515046296296,21.4277146464646,70.5633417508418,17.148606078905,2.88668981481481,10,6,4,64.9768518518518,16.855787037037,0.000694444444444444,1.46967592592593,3.45185185185185,3.45185185185185,24
2017-02-10,5.13551136363636,0.668724747474748,28.4914141414141,50.6569444444444,91.7305555555556,26.0388257575758,3.4675,5,1,4,55.270202020202,15.5800505050505,0,1.22628787878788,1.98623106060606,1.98623106060606,25
2017-02-13,5.08715277777778,0.596128472222222,31.5076388888889,35.7104166666667,77.49375,25.2881944444444,5.12361111111111,2,1,1,64.3020833333333,19.1284722222222,0,1.30659722222222,1.759375,1.759375,26
2017-02-14,4.93645833333333,0.576805555555556,35.334375,39.5277777777778,95.5520833333333,25.6427083333333,4.66597222222222,17,10,7,64.2048611111111,19.6666666666667,0,1.38576388888889,1.828125,1.828125,27
2017-02-15,4.96944444444444,0.553125,35.5277777777778,39.6396437198068,90.2573973429952,25.4774305555556,4.13645833333333,1,1,0,63.5381944444444,19.6840277777778,0,1.32916666666667,1.77256944444444,1.77256944444444,28
2017-02-16,4.034375,0.535486111111111,37.6010416666667,39.1423611111111,74.2534722222222,23.7201388888889,4.30277777777778,2,2,0,59.1076388888889,20.6493055555556,0,1.27013888888889,1.68923611111111,1.68923611111111,29
2017-02-17,3.72361111111111,0.505451388888889,34.3746527777778,28.0709541062802,63.4076086956522,23.2777654259991,4.23229166666667,9,3,6,56.8576388888889,22.3958333333333,0,1.38680555555556,1.79444444444444,1.79444444444444,30
2017-02-20,4.67847222222222,0.463402777777778,25.5215277777778,28.203373015873,68.1884920634921,17.3945501207729,3.62881944444444,6,1,5,74.4027777777778,24.8958333333333,0.000694444444444444,1.38854166666667,1.72118055555556,1.72118055555556,31
2017-02-21,4.98854166666667,0.571284722222222,32.9548611111111,45.7152777777778,101.938762626263,21.8860119047619,4.00380434782609,15,11,4,74.9861111111111,24.3576388888889,0,1.29166666666667,1.86597222222222,1.86597222222222,32
2017-02-22,5.15208333333333,0.404340277777778,20.2040653036577,28.4201388888889,79.9965277777778,16.8382424791392,3.9234889657444,2,1,1,75.125,24.5972222222222,0.0145833333333333,1.603125,2.09722222222222,2.09722222222222,33
2017-02-23,3.78555253623188,0.526028079710145,22.5720643939394,22.9601449275362,67.7820048309179,20.9359217171717,4.14530495169082,9,7,2,73.7048611111111,24.5729166666667,0.0111111111111111,1.359375,2.05347222222222,2.05347222222222,34
2017-02-24,4.509375,0.736840277777778,14.4059027777778,35.5588768115942,72.4390096618358,28.3412247474747,8.14131944444444,13,7,6,69.2638888888889,19.6736111111111,0.00138888888888889,1.13819444444444,2.00034722222222,2.00034722222222,35
2017-02-27,4.62569444444444,0.519618055555556,33.3604166666667,40.3645833333333,77.2777777777778,19.4381944444444,2.57013888888889,2,1,1,66.2569444444444,19.7048611111111,0,1.37881944444444,1.90486111111111,1.90486111111111,36
2017-03-01,3.78090277777778,0.504722222222222,32.7534722222222,34.8194444444444,73.8333333333333,20.11875,2.92638888888889,2,0,2,65.8090277777778,20.7395833333333,0,1.52673611111111,2.64097222222222,2.64097222222222,37
2017-03-02,4.92013888888889,0.53375,43.590625,47.604743083004,117.95440821256,22.3397342995169,2,10,8,2,57.3368055555556,20.4722222222222,0,1.42638888888889,2.46041666666667,2.46041666666667,38
2017-03-03,6.20694444444444,0.609444444444444,38.934375,51.1182065217391,117.403079710145,26.5423611111111,4.21875,9,2,7,59.3715277777778,20.2847222222222,0,1.26388888888889,1.76736111111111,1.76736111111111,39
2017-03-06,3.659375,0.4753125,29.7260416666667,23.6111111111111,62.8229166666667,19.1423611111111,2.81284722222222,5,3,2,67.6909722222222,23.4791666666667,0,1.46597222222222,2.46388888888889,2.46388888888889,40
2017-03-07,5.10520833333333,0.685416666666667,14.3559027777778,60.5416666666667,103.077651515152,33.0831823671498,5.59583333333333,15,8,7,71.2743055555556,19.4722222222222,0.000694444444444444,1.05868055555556,1.76493055555556,1.76493055555556,41
2017-03-08,3.53257850241546,0.695510265700483,8.00211352657005,42.7192715195433,66.2369345630215,30.7757203243616,8.75519323671497,3,1,2,81.6493055555556,17.6944444444444,0.00902777777777778,1.04270833333333,1.86770833333333,1.86770833333333,42
2017-03-09,5.10520833333333,0.720729166666667,33.0347222222222,46.5872584541063,73.3173309178744,25.56875,6.66458333333333,8,6,2,72.7013888888889,21.1770833333333,0,1.28402777777778,1.62743055555556,1.62743055555556,43
2017-03-10,4.63263888888889,0.573055555555556,30.665625,46.0925422705314,80.6000905797101,20.3145833333333,2.51979166666667,5,0,5,73.0138888888889,23.6111111111111,0.0631944444444444,1.56597222222222,2.10243055555556,2.10243055555556,44
2017-03-13,3.78090277777778,0.422986111111111,42.5645833333333,29.5173611111111,59.3819444444444,14.4497685185185,2.16236111111111,6,2,4,69.3993055555556,25.7211805555556,0,1.65277777777778,2.30659722222222,2.30659722222222,45
2017-03-14,3.88055555555556,0.484547101449275,30.615625,33.4444444444444,66.1458333333333,20.9173611111111,3.31805555555556,10,5,5,70.4826388888889,22.2534722222222,0,1.34166666666667,2.20694444444444,2.20694444444444,46
2017-03-15,5.21527777777778,0.451840277777778,33.9055555555556,38.2341485507246,76.2030495169082,21.1989583333333,2.94027777777778,3,1,2,71.6597222222222,21.2569444444444,0.0208333333333333,1.25555555555556,1.57013888888889,1.57013888888889,47
2017-03-16,4.31770833333333,0.499444444444444,35.0694444444444,38.6319444444444,71.7465277777778,20.5993055555556,2.67569444444444,12,5,7,76.3611111111111,21.5138888888889,0.0881944444444444,1.38055555555556,1.90783514492754,1.90783514492754,48
2017-03-17,4.40763888888889,0.504375,35.2663194444444,39.6909722222222,69.0416666666667,20.7322916666667,4.53472222222222,12,4,8,72.4826388888889,22.7083333333333,0,1.46597222222222,2.04826388888889,2.04826388888889,49
2017-03-20,4.35520833333333,0.430277777777778,29.8309027777778,28.6109601449275,60.7394323671498,15.9958829365079,2.52992424242424,3,1,2,73.2118055555556,25.7326388888889,0,1.39479166666667,1.78541666666667,1.78541666666667,50
2017-03-21,4.04376509661836,0.515780495169082,36.207895531401,31.8511473429952,72.9772041062802,18.5455555555556,2.44305555555556,15,11,4,70.4965277777778,25.7881944444444,0,1.47916666666667,1.98854166666667,1.98854166666667,51
2017-03-22,5.42673611111111,0.5828125,42.5409722222222,35.1423611111111,78.7256944444444,18.513805171278,2.62241847826087,2,1,1,69.6076388888889,24.3298611111111,0.00277777777777778,1.565625,2.24861111111111,2.24861111111111,52
2017-03-23,3.90197765700483,0.438131793478261,45.3085317460317,32.3131541867955,73.3238224637681,16.3061342592593,1.80590277777778,10,6,4,66.4496527777778,25.6851851851852,0,1.54699074074074,2.47418981481481,2.47418981481481,53
2017-03-24,5.71736111111111,0.499270833333333,45.4972222222222,34.0972222222222,75.84375,18.0873106060606,2.81979166666667,11,4,7,71.09375,24.8888888888889,0.00138888888888889,1.66423611111111,2.10208333333333,2.10208333333333,54
2017-03-27,3.82569444444444,0.5290625,43.237279040404,30.7013888888889,67.3611111111111,15.8288194444444,3.07847222222222,3,2,1,64.8125,22.1284722222222,0,1.509375,1.85,1.85,55
2017-03-28,4.75173611111111,0.499305555555556,56.1416666666667,36.8443538647343,88.2027475845411,17.9105827294686,1.83743055555556,15,5,10,61.7534722222222,22.6666666666667,0,1.44791666666667,1.83298611111111,1.83298611111111,56
2017-03-29,4.82581018518519,0.536851851851852,50.930787037037,42.0694444444444,90.2777777777778,20.5788194444444,1.94479166666667,2,0,2,57.4803240740741,23.6701388888889,0.00138888888888889,1.17106481481481,1.54513888888889,1.54513888888889,57
2017-03-30,5.82708333333333,0.5746875,42.7131944444444,47.3310688405797,93.5560084541063,20.4809027777778,2.42708333333333,12,10,2,67.4826388888889,23.8402777777778,0,1.31875,1.71111111111111,1.71111111111111,58
2017-03-31,4.23680555555556,0.399097222222222,25.8884661835749,26.8350694444444,64.6284722222222,15.1161458333333,2.98559027777778,15,11,4,69.7795138888889,24.7847222222222,0.0138888888888889,1.90885416666667,2.58298611111111,2.58298611111111,59
2017-04-05,4.95104166666667,0.449212962962963,54.0208333333333,36.9166666666667,71.8402777777778,16.4496527777778,1.74803240740741,4,2,2,58.6435185185185,24.4282407407407,0,1.43368055555556,1.76145833333333,1.76145833333333,60
2017-04-06,4.56944444444444,0.398784722222222,35.3333333333333,28.0196256038647,66.180404589372,16.671875,2.12534722222222,11,7,4,62.1493055555556,25.5416666666667,0,1.80833333333333,2.10034722222222,2.10034722222222,61
2017-04-07,4.67048611111111,0.312777777777778,26.2152777777778,14.6770833333333,60.3263888888889,15.1965277777778,2.38576388888889,9,4,5,70.6180555555556,26.2534722222222,0,1.72222222222222,2.09097222222222,2.09097222222222,62
2017-04-10,4.58715277777778,0.325,13.4652777777778,15.8541666666667,36.5486111111111,13.234375,4.92777777777778,6,2,4,67.1180555555556,27.8784722222222,0,1.38680555555556,1.67048611111111,1.67048611111111,63
2017-04-11,4.13910984848485,0.259857954545455,12.9072601010101,12.4861111111111,31.0833333333333,10.7570896464646,3.99337752525253,18,9,9,73.8125,27.7777777777778,0.0152777777777778,1.70034722222222,1.98194444444444,1.98194444444444,64
2017-04-12,4.0385101010101,0.593680555555556,7.59027777777778,23.5243055555556,45.9409722222222,22.6234126984127,8.79382548309179,3,0,3,88.0277777777778,24.1909722222222,1.71388888888889,1.03055555555556,1.55381944444444,1.55381944444444,65
2017-04-13,3.44340277777778,0.682222222222222,29.1753472222222,35.1148578173035,59.4318593544137,23.8079861111111,3.72361111111111,8,6,2,83.6666666666667,21.9270833333333,0.388888888888889,1.02013888888889,1.58333333333333,1.58333333333333,66
2017-04-14,4.396875,0.658368055555556,38.4465277777778,40.2945103205973,69.3268610013175,20.0975378787879,2.615625,21,7,14,73.4965277777778,25.3611111111111,0.00902777777777778,1.265625,1.56059027777778,1.56059027777778,67
2017-04-17,4.85566123188406,0.274166666666667,15.2138134057971,17.1215277777778,41.6458333333333,11.899273989899,3.97493961352657,4,3,1,72.4583333333333,28.2118055555556,0.00416666666666667,1.51909722222222,1.72777777777778,1.72777777777778,68
2017-04-18,2.87822420634921,0.211846590909091,29.3797619047619,15.1111111111111,34.7152777777778,8.46736111111111,2.55923611111111,23,15,8,76.5659722222222,27.7916666666667,0,1.76458333333333,2.06840277777778,2.06840277777778,69
2017-04-19,5.3381038647343,0.337916666666667,36.7896135265701,28.9094065656566,56.1714015151515,13.173547979798,2.21840277777778,8,0,8,75.4340277777778,27.8506944444444,0.201388888888889,1.77708333333333,2.05694444444444,2.05694444444444,70
2017-04-20,4.46373792270531,0.270045289855072,20.7538798309179,14.5108695652174,32.8022342995169,11.3017330917874,3.33259222661397,6,5,1,68.6597222222222,27.3784722222222,0,1.71076388888889,2.05520833333333,2.05520833333333,71
2017-04-21,3.09987922705314,0.209236111111111,17.897297705314,13.21875,31.34375,8.72803520452977,2.54998490338164,10,2,8,71.15625,28.0833333333333,0,1.58333333333333,1.90798611111111,1.90798611111111,72
2017-04-24,3.49747474747475,0.592048611111111,41.4398399758454,27.9270833333333,77.5069444444444,18.368501984127,2.08360745614035,7,3,4,75.9861111111111,24.5451388888889,0.0180555555555556,1.21423611111111,1.56701388888889,1.56701388888889,73
2017-04-25,5.6975496031746,0.602949879227053,53.1121829710145,45.1770833333333,107.534406565657,19.9513888888889,1.73388888888889,16,11,5,71.4930555555556,26.4756944444444,0,1.19340277777778,1.45763888888889,1.45763888888889,74
2017-04-26,4.67414440457204,0.47350910110421,38.5532196969697,45.3652146464646,62.3784722222222,14.2917337768441,2.27550186741363,5,0,5,72.3784722222222,27.9895833333333,0,1.66631944444444,2.07673611111111,2.07673611111111,75
2017-04-27,4.14301026570048,0.390119047619048,29.3600241545894,25.2677139037433,52.176452020202,16.5125103292652,2.67764985380117,10,6,4,76.9097222222222,25.1388888888889,0.0131944444444444,1.38472222222222,2.15972222222222,2.15972222222222,76
2017-04-28,4.17996996567506,0.385190433057281,47.5318538647343,19.4097222222222,44.6979166666667,15.938219870328,2.28958937198068,9,3,6,68.09375,22.3055555555556,0.00763888888888889,1.42881944444444,2.01388888888889,2.01388888888889,77
2017-05-02,5.50416666666667,0.387673611111111,41.3854166666667,27.3150527009223,56.4207839262187,14.4798115079365,2.27789855072464,33,17,16,65.75,27.8263888888889,0,1.50034722222222,1.75347222222222,1.75347222222222,78
2017-05-03,6.27083333333333,0.391111111111111,38.0229166666667,30.7430555555556,61.2569444444444,14.7138888888889,2.14444444444444,2,1,1,71.5972222222222,28.3611111111111,0.0111111111111111,1.47118055555556,1.76701388888889,1.76701388888889,79
2017-05-04,5.37986111111111,0.358333333333333,36.4493055555556,30.203373015873,61.1284722222222,13.6183121980676,1.95763888888889,10,7,3,70.5486111111111,28.7083333333333,0,1.52013888888889,1.84166666666667,1.84166666666667,80
2017-05-05,6.01805555555556,0.384131944444444,38.371875,36.5104166666667,62.0069444444444,13.8713905357927,1.91701388888889,12,4,8,70.1493055555556,28.8854166666667,0,1.45868055555556,1.68611111111111,1.68611111111111,81
2017-05-08,4.84861111111111,0.306354166666667,28.8173611111111,26.1408945824707,45.9949494949495,11.61875,2.996875,3,1,2,68.8784722222222,28.7152777777778,0.000694444444444444,1.71944444444444,2.04166666666667,2.04166666666667,82
2017-05-09,3.85534722222222,0.230979166666667,16.2016224747475,11.193287037037,31.375,9.85556652046784,3.58766865079365,15,5,10,68.2,29.0548611111111,0,1.921875,2.23006944444444,2.23006944444444,83
2017-05-10,5.10567632850242,0.336308876811594,34.0673926767677,22.1828200483092,182.382151029748,13.6780744949495,2.64925595238095,5,3,2,66.8229166666667,29.0173611111111,0.000694444444444444,1.42256944444444,1.76319444444444,1.76319444444444,84
2017-05-11,5.77152777777778,0.345590277777778,39.8166666666667,27.2530193236715,53.2770229468599,13.8899305555556,1.89965277777778,6,4,2,67.8333333333333,29.4618055555556,0,1.47291666666667,1.79166666666667,1.79166666666667,85
2017-05-12,5.50606617647059,0.26312908496732,17.2505310457516,14.0265151515152,47.8311237373737,10.3797867063492,2.94677287581699,8,2,6,66.7173202614379,29.8966503267974,0,2.2984885620915,2.55545343137255,2.55545343137255,86
2017-05-15,5.23506944444444,0.312569444444444,43.19375,19.7222222222222,43.5416666666667,12.2504419191919,1.77010732323232,5,1,4,70.7395833333333,28.4826388888889,0.115972222222222,1.50381944444444,1.85104166666667,1.85104166666667,87
2017-05-16,4.04756944444444,0.34375,15.2743055555556,14.5295893719807,35.1524758454106,15.4583333333333,4.59756944444444,13,9,4,83.3611111111111,26.0347222222222,1.00347222222222,1.30625,1.6625,1.6625,88
2017-05-17,4.29791666666667,0.381666666666667,43.0208333333333,15.3968253968254,35.6994047619048,16.4142361111111,2.13958333333333,1,0,1,75.1319444444444,25.8125,0.05625,1.33784722222222,1.73263888888889,1.73263888888889,89
2017-05-18,4.78166035353535,0.443667929292929,51.8150252525253,29.4116161616162,61.4674873737374,17.7721590909091,1.63775252525253,2,1,1,74.5274621212121,27.000946969697,0.0118055555555556,1.10719696969697,1.34387626262626,1.34387626262626,90
2017-05-19,3.80347222222222,0.477743055555556,39.6274305555556,32.2847222222222,65.0451388888889,17.7638888888889,1.96805555555556,8,3,5,77.8541666666667,26.2256944444444,0.150694444444444,1.13715277777778,1.64305555555556,1.64305555555556,91
2017-05-22,3.38645833333333,0.234756944444444,35.7847222222222,13.6458333333333,35.2534722222222,8.81527777777778,1.36076388888889,8,2,6,73.3923611111111,28.5763888888889,0,1.54270833333333,1.79270833333333,1.79270833333333,92
2017-05-23,3.49280823105194,0.221651158322354,29.6941417175184,12.7476851851852,33.5069444444444,9.65417421497585,2.00513761759471,9,2,7,73.6507119247394,29.0620471014493,0.000694444444444444,1.59329551233155,1.86819221967963,1.86819221967963,93
2017-05-24,3.2708648989899,0.250416666666667,17.4378156565657,8.29861111111111,23.8854166666667,10.2937229437229,3.14977217830479,3,1,2,81.5104166666667,28.2413194444444,0.551388888888889,1.49600694444444,1.88819444444444,1.88819444444444,94
2017-05-25,3.72326388888889,0.291284722222222,17.9850694444444,9.81461352657005,102.038586956522,12.7831370772947,3.63784722222222,9,7,2,83.7048611111111,27.2638888888889,2.44444444444444,1.39270833333333,1.69479166666667,1.69479166666667,95
2017-05-26,4.57569444444444,0.447048611111111,40.4451388888889,22.1508152173913,57.700634057971,16.8482638888889,2.46215277777778,9,3,6,74.53125,27.3090277777778,0.0173611111111111,1.22326388888889,1.54444444444444,1.54444444444444,96
2017-05-29,5.54756944444444,0.3646875,55.3819444444444,25.4305555555556,54.2083333333333,10.6680555555556,1.32430555555556,0,0,0,73.2291666666667,28.4375,0,1.36423611111111,1.66215277777778,1.66215277777778,97
2017-05-31,3.78784722222222,0.241041666666667,22.4868055555556,8.79332729468599,26.0496678743961,10.0897192028986,2.30138888888889,2,0,2,76.5729166666667,28.7013888888889,0.0986111111111111,1.71215277777778,2.00416666666667,2.00416666666667,98
2017-06-01,3.38090277777778,0.208229166666667,15.2649305555556,7.51902173913043,26.3596014492754,8.37060688405797,3.55277777777778,10,7,3,83.9965277777778,28.2916666666667,0.923611111111111,1.934375,2.22291666666667,2.22291666666667,99
2017-06-02,3.89635416666667,0.158125,13.759375,10.6215277777778,38.3142361111111,7.14583333333333,3.51041666666667,7,3,4,84.4340277777778,28.953125,0.104861111111111,2.92274305555556,3.18524305555556,3.18524305555556,100
2017-06-05,4.09788647342995,0.305451388888889,15.5954861111111,12.3363526570048,36.4823369565217,10.9729468599034,4.00694444444444,4,1,3,78.3333333333333,29.3090277777778,0.00138888888888889,1.30034722222222,1.54340277777778,1.54340277777778,101
2017-06-06,4.36423611111111,0.2403125,17.0104166666667,11.1006944444444,33.8819444444444,9.73194444444444,3.45173611111111,10,7,3,73.5555555555556,30.2083333333333,0,1.51423611111111,1.74583333333333,1.74583333333333,102
2017-06-07,4.85031565656566,0.220034722222222,17.0680555555556,11.0801767676768,30.7616792929293,9.47029671717172,3.02013888888889,6,2,4,75.4513888888889,30.5381944444444,0.0333333333333333,1.46041666666667,1.73263888888889,1.73263888888889,103
2017-06-08,4.95104166666667,0.237847222222222,16.6065972222222,10.1354166666667,29.9289108187135,10.8305102657005,3.84746376811594,10,10,0,75.3541666666667,30.0173611111111,0.619444444444444,1.51597222222222,1.84305555555556,1.84305555555556,104
2017-06-09,4.17118055555556,0.251597222222222,20.0934027777778,10.8926630434783,30.3798309178744,10.2069444444444,3.15416666666667,14,5,9,69.8298611111111,30.2048611111111,0.0256944444444444,1.58784722222222,1.89722222222222,1.89722222222222,105
2017-06-12,4.93888888888889,0.207777777777778,19.2902777777778,8.26600241545894,31.8259359903382,8.20173611111111,2.90381944444444,5,0,5,70.2222222222222,31.0902777777778,0.515972222222222,2.34166666666667,2.61041666666667,2.61041666666667,106
2017-06-13,3.78343545751634,0.181466503267974,14.4147263071895,7.30264037433155,27.3133258738278,6.90520833333333,3.23841911764706,11,8,3,73.9346405228758,30.1011029411765,0.382638888888889,2.14509803921569,2.40731209150327,2.40731209150327,107
2017-06-14,2.89128787878788,0.196742424242424,10.9522727272727,6.81439393939394,28.094696969697,8.53901515151515,3.80227272727273,3,0,3,82.8484848484848,28.3219696969697,0.613636363636364,1.57575757575758,2.03484848484848,2.03484848484848,108
2017-06-15,2.38383152173913,0.377222222222222,8.21897644927536,7.14130434782609,20.8852657004831,13.6964221014493,6.89148550724638,13,10,3,89.6215277777778,25.8159722222222,2.60555555555556,1.28194444444444,1.63506944444444,1.63506944444444,109
2017-06-16,2.4458648989899,0.256701388888889,11.3130456349206,8.4471755599473,27.6261665568731,9.28888888888889,4.28402777777778,3,0,3,82.9513888888889,27.5486111111111,0.568055555555556,1.40104166666667,1.825,1.825,110
2017-06-19,3.4585597826087,0.213576388888889,12.4104166666667,8.32699275362319,27.3282004830918,7.58958333333333,3.70868055555556,2,0,2,73.1805555555556,29.3645833333333,0,1.41701388888889,1.628125,1.628125,111
2017-06-20,3.67831439393939,0.213251811594203,11.2447285353535,8.83933080808081,26.1404671717172,8.90113304093567,4.1891369047619,16,10,6,70.75,29.7395833333333,0.00902777777777778,1.25972222222222,1.49548611111111,1.49548611111111,112
2017-06-21,3.63611111111111,0.2165625,12.1607638888889,8.93176328502415,24.1696859903382,8.9604825428195,4.43277475845411,7,1,6,68.59375,30.1701388888889,0,1.60902777777778,1.85555555555556,1.85555555555556,113
2017-06-22,3.57534722222222,0.220069444444444,14.6541666666667,8.70012626262626,23.5597222222222,9.06319444444444,3.86736111111111,4,3,1,69.3715277777778,30.6215277777778,0,1.625,1.86527777777778,1.86527777777778,114
2017-06-23,3.79166666666667,0.201631944444444,15.571875,8.80208333333333,24.9311868686869,9.14583333333333,3.30520833333333,8,6,2,72.6388888888889,30.3819444444444,0.00138888888888889,1.48784722222222,1.75347222222222,1.75347222222222,115
2017-06-24,3.215625,0.186458333333333,16.3236111111111,8.83680555555556,24.2465277777778,7.621875,2.51215277777778,0,0,0,73.25,30.1493055555556,0.00486111111111111,1.68506944444444,1.94479166666667,1.94479166666667,116
2017-06-26,2.61875,0.166423611111111,16.7253472222222,6.45803140096618,24.0405550065876,6.39340277777778,2.82326388888889,2,2,0,71.375,30.6180555555556,0,1.88194444444444,2.17013888888889,2.17013888888889,117
2017-06-27,2.74208333333333,0.162923611111111,15.5460416666667,8.13955314009662,25.4271135265701,7.00472222222222,2.86513888888889,9,3,6,72.2631944444445,30.5854166666667,0,1.72736111111111,2.02423611111111,2.02423611111111,118
2017-06-28,3.10034722222222,0.201206219806763,17.5547032828283,10.5419685990338,28.4814311594203,9.4413345410628,2.69791666666667,1,0,1,70.9305555555556,30.4756944444444,0,1.49201388888889,1.86805555555556,1.86805555555556,119
2017-06-29,4.31770833333333,0.344375,25.5135416666667,13.9039855072464,34.7235809178744,14.695440821256,3.43680555555556,12,8,4,69.7152777777778,29.3229166666667,0.602083333333333,1.39375,1.74305555555556,1.74305555555556,120
2017-06-30,4.84166666666667,0.270798611111111,13.5302083333333,12.7222222222222,36.8020833333333,11.1541666666667,5.04722222222222,10,1,9,69.4166666666667,29.7569444444444,0.00347222222222222,1.91840277777778,2.18854166666667,2.18854166666667,121
2017-07-03,3.83666666666667,0.217443538647343,17.2174305555556,8.07563405797101,22.3375905797101,8.09763586956522,3.19908816425121,8,2,6,69.6847222222222,30.2020833333333,0.00138888888888889,1.90631944444444,2.20347222222222,2.20347222222222,122
2017-07-04,3.61497584541063,0.241816123188406,11.9342240338164,8.31597222222222,39.4652777777778,10.1545833333333,3.9389880952381,14,5,9,71.1770833333333,29.9965277777778,0.105555555555556,1.71076388888889,2.06423611111111,2.06423611111111,123
2017-07-05,4.99722222222222,0.264409722222222,18.317059178744,11.532306763285,32.6115640096618,10.2373647186147,5.215625,4,2,2,63.6527777777778,32.3159722222222,0.000694444444444444,1.65763888888889,2.06666666666667,2.06666666666667,124
2017-07-06,5.74762479871176,0.270763888888889,20.2493055555556,12.6067468159859,44.1609226859387,10.8469907407407,3.18287037037037,13,9,4,70.7881944444444,31.2015931372549,0.1375,1.92118055555556,2.22847222222222,2.22847222222222,125
2017-07-07,4.11619318181818,0.230449284511785,10.8771675084175,8.01950666081101,28.191896318255,9.27340067340067,4.26813973063973,12,6,6,71.4753787878788,29.6766624579125,0.1,2.21862373737374,2.52771464646465,2.52771464646465,126
2017-07-10,3.93402777777778,0.863645833333333,13.6027777777778,7.98248792270531,25.6156400966184,7.80486111111111,3.20763888888889,9,2,7,69.6597222222222,30.75,0,2.42361111111111,2.68645833333333,2.68645833333333,127
2017-07-11,4.31312690694127,0.191512998982965,13.1878392766336,6.90880847953216,30.6809875066454,8.6757107690174,3.73950438307561,20,13,7,66.311260488177,31.0054347826087,0.0416666666666667,2.10941075514874,2.46401363463005,2.46401363463005,128
2017-07-12,4.21989734299517,0.267033514492754,19.2241243961353,13.0499698067633,37.2204106280193,12.0604619565217,4.09403683574879,1,0,1,68.3961352657005,30.1296799516908,0.247916666666667,1.53694142512077,1.83914553140097,1.83914553140097,129
2017-07-13,3.67239226631642,0.249281035978985,23.2738377388435,11.7386885309679,32.1940651260504,10.7379937142321,3.2552947235513,11,8,3,68.3548425430778,29.9459484551396,0.0868055555555556,1.57932412358883,1.92994132501485,1.92994132501485,130
2017-07-14,4.23005952380952,0.26699641994479,25.2844246031746,15.3789466873706,38.3385740165632,11.5622023809524,2.8765376984127,7,1,6,66.8809523809524,30.3154761904762,0.0173611111111111,1.51517857142857,1.85505952380952,1.85505952380952,131
2017-07-17,4.30277777777778,0.375416666666667,28.6128472222222,17.811443236715,38.1076388888889,14.0586805555556,3.43784722222222,3,2,1,70.5104166666667,29.34375,0.0951388888888889,1.40034722222222,1.69895833333333,1.69895833333333,132
2017-07-18,4.69583333333333,0.358576388888889,37.5409722222222,23.9371843434343,46.048309178744,14.2086805555556,1.78020833333333,14,8,6,69.28125,30.2326388888889,0,1.42743055555556,1.76666666666667,1.76666666666667,133
2017-07-19,4.51006944444444,0.29125,31.359375,19.3337862318841,41.4379528985507,12.5010416666667,1.95347222222222,2,1,1,68.5833333333333,30.2638888888889,0,1.54375,1.83402777777778,1.83402777777778,134
2017-07-20,4.28854166666667,0.258275462962963,34.5297453703704,22.8983494363929,43.1771336553945,10.7002314814815,1.5650462962963,10,1,9,67.8009259259259,30.5787037037037,0.000694444444444444,1.61134259259259,1.94560185185185,1.94560185185185,135
2017-07-21,4.33387896825397,0.333361111111111,39.9000694444444,25.0215277777778,47.4152777777778,13.3613888888889,2.023125,8,2,6,72.3618055555556,30.2145833333333,0.234722222222222,1.38263888888889,1.72090277777778,1.72090277777778,136
2017-07-24,4.11994047619048,0.291324404761905,21.6196428571429,13.8055555555556,33.2358405483405,12.1034722222222,2.55982142857143,5,3,2,75.7490079365079,29.4990079365079,0.025,1.33298611111111,1.65962301587302,1.65962301587302,137
2017-07-25,4.73983585858586,0.298888888888889,22.0659406565657,11.7929273323295,31.3592171717172,12.2319624819625,2.78576388888889,30,16,14,70.4174873737374,29.4040404040404,0.0590277777777778,1.47020202020202,1.76505681818182,1.76505681818182,138
2017-07-26,4.07035024154589,0.333611111111111,18.1925491326307,14.7410067287785,33.0446310935441,13.0845030925194,3.3701635924462,3,0,3,75.0156730346948,28.9416996047431,0.893055555555555,1.32786972990777,1.69926301054018,1.69926301054018,139
2017-07-27,3.27453703703704,0.255474537037037,19.6823419887279,9.7385768921095,31.2518619162641,9.41380471380471,2.63189183501684,8,4,4,74.21875,29.7349537037037,0.0402777777777778,1.45011574074074,1.73969907407407,1.73969907407407,140
2017-07-28,4.21109170117322,0.291459779564,32.4374737394958,28.63841873706,54.4882207164816,11.2083419599724,2.24056030020704,1,0,1,76.3232551353875,29.7476657329599,0.00416666666666667,1.32224556489262,1.59474206349206,1.59474206349206,141
2017-08-01,5.34386574074074,0.373923611111111,11.9446759259259,11.6577380952381,37.5924775707384,12.5562865497076,4.99796650717703,15,4,11,89.7881944444444,27.1038194444444,2.94305555555556,1.62534722222222,1.96597222222222,1.96597222222222,142
2017-08-02,4.22275060386473,0.490045289855072,19.9791515700483,13.8824659639877,32.9089399429073,18.2979166666667,4.63993055555556,1,1,0,88.0688405797101,27.3277475845411,4.78194444444444,1.01576086956522,1.37666062801932,1.37666062801932,143
2017-08-03,3.73518241626794,0.372654007177034,19.5159107522594,16.0111531986532,37.7070707070707,12.0430422647528,3.92685074428495,9,7,2,81.0988005050505,29.0542430887826,0.414583333333333,1.31681784954811,1.63008539340776,1.63008539340776,144
2017-08-04,4.4613814778217,0.281270696091348,20.2313732433026,18.4575757575758,41.9051685331577,9.98707674571805,3.01810139437857,9,2,7,79.8308629776021,29.5703090689504,0.0125,1.30123106060606,1.54727629556434,1.54727629556434,145
2017-08-07,3.14131944444444,0.194930555555556,14.6838617149758,10.1952424085576,32.7788208168643,6.4268115942029,2.25618961352657,2,1,1,76.5486111111111,30.6944444444444,0.025,1.57465277777778,1.87673611111111,1.87673611111111,146
2017-08-08,2.90798611111111,0.228993055555556,13.3291666666667,10.9652777777778,29.5151515151515,7.07569444444444,3.096875,20,13,7,79.3263888888889,30.1979166666667,0.15625,1.60381944444444,1.9,1.9,147
2017-08-09,2.94829545454545,0.21948547979798,12.7620471014493,11.1405357927097,30.2536791409074,7.70189393939394,2.87329545454545,2,0,2,76.8198973429952,30.1950483091787,0.0548611111111111,1.5461654589372,1.81407004830918,1.81407004830918,148
2017-08-10,2.72946448177426,0.223928277338603,16.3354194115064,12.8582658680628,35.2134127314333,8.81969010759772,2.9161204435661,11,7,4,77.0732734958278,30.5691974088713,0.109722222222222,1.61428963548529,1.96328090689504,1.96328090689504,149
2017-08-11,2.56921799516908,0.213798309178744,18.4395229468599,12.1902448397014,31.4149374176548,6.54163647342995,2.33786231884058,8,5,3,75.7285628019324,30.8500905797101,0.00138888888888889,1.67096920289855,1.97398852657005,1.97398852657005,150
2017-08-14,2.77604166666667,0.188680555555556,12.5545138888889,8.33393719806763,21.0045152613087,6.39628623188406,3.05484601449275,3,1,2,72.5208333333333,30.8368055555556,0,1.58541666666667,1.8875,1.8875,151
2017-08-15,2.8112231439105,0.166158625730994,13.9077485380117,13.1298754896522,36.628230582851,6.39772517798118,2.81077262903636,13,8,5,71.2733369883041,30.0637792397661,0.00138888888888889,1.55698099415205,1.82578581871345,1.82578581871345,152
2017-08-16,2.83689397860594,0.255979339199448,16.1786771048999,30.5798125485626,25.5844017094017,10.9365034271284,2.41856962481962,1,0,1,71.2722782953761,30.4357531055901,0,1.4171562284334,1.74896911663216,1.74896911663216,153
2017-08-17,4.80208333333333,0.247638888888889,29.5450332125604,18.0264190821256,34.0083031400966,12.0138888888889,2.55179649758454,6,6,0,68.5659722222222,30.6284722222222,0.00694444444444444,1.37524154589372,1.66354166666667,1.66354166666667,154
2017-08-18,5.17361111111111,0.306701388888889,37.1546799516908,26.1147205753184,41.2611714975845,11.7628472222222,1.56041666666667,8,3,5,71.0798611111111,31.0298611111111,0,1.48125,1.77395833333333,1.77395833333333,155
2017-08-19,4.04965277777778,0.2409375,23.3072916666667,15.2743055555556,30.3819444444444,10.1284722222222,2.17708333333333,0,0,0,70.4652777777778,31.3923611111111,0.0777777777777778,1.70694444444444,1.99409722222222,1.99409722222222,156
2017-08-21,4.21319444444444,0.328298611111111,29.8614583333333,24.1977657004831,49.8400581906017,12.4947916666667,1.87222222222222,3,1,2,76.2534722222222,30.4618055555556,0,1.559375,1.88541666666667,1.88541666666667,157
2017-08-22,4.49691166321601,0.326954365079365,19.7029761904762,19.3679951690821,38.4403079710145,11.9300767770876,2.77452984817115,13,7,6,77.1185084541063,28.7441123188406,0.445138888888889,1.97320350241546,2.46856884057971,2.46856884057971,158
2017-08-23,5.73577898550725,0.269153079710145,17.9360809178744,15.9267402283707,28.0255681818182,10.3844318181818,3.504375,1,0,1,68.851902173913,30.0410628019324,0.0604166666666667,2.3988979468599,2.78414855072464,2.78414855072464,159
2017-08-24,5.48386720465525,0.350468955862978,21.00625,12.4134661835749,28.2419384057971,15.0497370443566,3.86018006148441,5,4,1,78.8882575757576,28.6753787878788,0.182638888888889,1.33396464646465,1.6303345959596,1.6303345959596,160
2017-08-25,3.64833433977456,0.298075684380032,30.8899305555556,15.5740267121341,33.9649225632282,11.7961503623188,1.93398248792271,9,4,5,77.0578703703704,29.3969907407407,0.00694444444444444,1.40092592592593,1.72141203703704,1.72141203703704,161
2017-08-28,3.52638888888889,0.335381944444444,26.321875,11.2707255003451,30.8439009661836,12.1215277777778,2.93298611111111,3,2,1,75.4861111111111,29.2534722222222,0.136111111111111,1.62847222222222,1.953125,1.953125,162
2017-08-29,3.50520833333333,0.280590277777778,28.7736607142857,16.6787439613527,36.0582729468599,10.5856691919192,2.15868055555556,10,5,5,77.5,29.4201388888889,0.0291666666666667,1.35381944444444,1.6375,1.6375,163
2017-08-30,4.27952898550725,0.313538647342995,33.3979166666667,20.6278683574879,41.5642210144928,12.7190368357488,1.91479468599034,6,3,3,74.7743055555556,29.9722222222222,0.0125,1.28090277777778,1.54375,1.54375,164
2017-08-31,5.27881944444444,0.354548611111111,21.3996527777778,24.7283706631533,45.4402585638999,14.9131944444444,2.90972222222222,4,2,2,82.6076388888889,28.6840277777778,0.0305555555555556,1.034375,1.27951388888889,1.27951388888889,165
2017-09-01,4.24965277777778,0.466944444444444,13.5184027777778,16.3349939613527,34.12288647343,16.8065972222222,5.88888888888889,7,3,4,86.7222222222222,27.3680555555556,0.648611111111111,0.986458333333333,1.36493055555556,1.36493055555556,166
2017-09-04,4.871875,0.252951388888889,23.3972222222222,14.7729272539055,32.1240942028985,8.43472222222222,2.44548611111111,3,0,3,77.8819444444444,29.8159722222222,0.05625,1.51111111111111,1.85972222222222,1.85972222222222,167
2017-09-05,4.27364130434783,0.330024154589372,30.2686745169082,20.6192358366271,35.7047924901186,10.9845712560386,1.91423611111111,6,4,2,76.3541666666667,29.9131944444444,0.0263888888888889,1.70486111111111,2.02569444444444,2.02569444444444,168
2017-09-06,4.76965579710145,0.336788949275362,19.3535175120773,20.2426889233954,47.7483530961792,12.4826388888889,3.28212560386473,2,0,2,75.78125,30.25,0,1.98194444444444,2.40729166666667,2.40729166666667,169
2017-09-07,4.32048611111111,0.2415625,18.6936745169082,10.011020531401,25.819595410628,8.17537878787879,3.00154671717172,9,7,2,79.7847222222222,29.3298611111111,0.267361111111111,2.26840277777778,2.59418780193237,2.59418780193237,170
2017-09-08,3.92525664251208,0.235066425120773,16.479604468599,12.1775774044796,24.7872023809524,10.3602904040404,3.31180555555556,6,2,4,78.7222222222222,29.5416666666667,0.00347222222222222,1.37291666666667,1.62361111111111,1.62361111111111,171
2017-09-11,3.42048611111111,0.301076388888889,19.3408212560386,17.1858393719807,30.3443538647343,11.286654589372,3.18531099033816,8,1,7,73.8263888888889,30.1458333333333,0,1.49618055555556,1.77291666666667,1.77291666666667,172
2017-09-12,4.85,0.32693538647343,26.9222537878788,21.5429704655248,41.4201800614844,13.7318689613527,3.747086352657,14,10,4,72.2916666666667,30.7013888888889,0,1.59965277777778,1.90868055555556,1.90868055555556,173
2017-09-13,5.26979166666667,0.285902777777778,39.5666666666667,26.3411561264822,52.6235452349583,12.5373943236715,2.03905495169082,2,0,2,72.7256944444444,30.7777777777778,0.0194444444444444,1.43125,1.72881944444444,1.72881944444444,174
2017-09-14,3.77013888888889,0.325868055555556,42.8229166666667,24.6253019323672,60.7007850241546,12.3458333333333,1.31493055555556,8,7,1,73.2743055555556,30.7152777777778,0,1.63020833333333,1.90416666666667,1.90416666666667,175
2017-09-15,3.53159722222222,0.277222222222222,43.7708333333333,15.7481884057971,43.7569444444444,9.77013888888889,1.22013888888889,13,6,7,73.9652777777778,30.1979166666667,0,2.2375,2.54791666666667,2.54791666666667,176
2017-09-18,5.096875,0.362569444444444,67.0798611111111,29.8832070707071,56.407251866491,10.8489583333333,1.11041666666667,14,2,12,66.7291666666667,30.3368055555556,0,1.34618055555556,1.60520833333333,1.60520833333333,177
2017-09-19,5.5986865942029,0.493703200483092,44.3323973429952,33.695725128863,61.9445441254652,19.7258907004831,2.06120169082126,9,5,4,69.5714070048309,29.2222222222222,0.0423611111111111,1.15775966183575,1.41040157004831,1.41040157004831,178
2017-09-20,5.41944444444444,0.492013888888889,42.4801781400966,39.3641304347826,66.3785682916118,18.1027777777778,2.36006944444444,0,0,0,69.0381944444444,29.7986111111111,0.0513888888888889,1.44930555555556,1.76319444444444,1.76319444444444,179
2017-09-21,4.71212258454106,0.370798611111111,41.8026515151515,27.6282251866491,49.3686731444884,13.1622685185185,1.51030092592593,6,2,4,72.7743055555556,30.2673611111111,0.00694444444444444,1.41111111111111,1.6663345410628,1.6663345410628,180
2017-09-22,5.51357185990338,0.403852657004831,41.3028834541063,36.6973128019324,61.1625905797101,14.9099335748792,2.31358695652174,9,3,6,69.3923611111111,30.8125,0.0152777777777778,1.35486111111111,1.60625,1.60625,181
2017-09-25,3.99913194444444,0.237916666666667,20.9652777777778,16.1382095410628,35.6899154589372,8.49548611111111,2.28732638888889,4,1,3,76.3611111111111,30.7256944444444,0.0326388888888889,1.38229166666667,1.65243055555556,1.65243055555556,182
2017-09-26,4.01041666666667,0.232048611111111,25.7402777777778,16.5446722661397,34.3179347826087,9.26909722222222,2.54444444444444,11,5,6,76.8263888888889,30.7847222222222,0,1.44409722222222,1.70034722222222,1.70034722222222,183
2017-09-27,4.85011574074074,0.222361111111111,29.7320175438597,20.0466485507246,38.2942468159859,10.1517045454545,2.18585858585859,2,1,1,76.46875,30.84375,0,1.50625,1.79201388888889,1.79201388888889,184
2017-09-28,4.28958333333333,0.206006944444444,21.4701388888889,13.9735507246377,28.9673913043478,10.1354166666667,3.13541666666667,7,4,3,75.78125,30.5034722222222,0,1.51423611111111,1.80833333333333,1.80833333333333,185
2017-09-29,4.40451388888889,0.370694444444444,31.6447916666667,21.8674242424242,46.289402173913,15.459375,2.61770833333333,10,2,8,77.0138888888889,29.6666666666667,0.14375,1.42673611111111,1.74513888888889,1.74513888888889,186
2017-10-02,4.61573891084761,0.396980676328502,36.2034722222222,29.2380736714976,54.5235507246377,13.1359532828283,1.56127991875274,9,4,5,74.8993055555556,30.3854166666667,0.0333333333333333,1.38229166666667,1.67743055555556,1.67743055555556,187
2017-10-03,4.25729166666667,0.479652777777778,36.2836805555556,31.6644982433026,58.9602547211243,16.5836805555556,1.91180555555556,13,7,6,79.7708333333333,29.7430555555556,0.592361111111111,1.30208333333333,1.57743055555556,1.57743055555556,188
2017-10-05,5.09873737373737,0.460625,43.1489583333333,35.1011473429952,69.9559178743961,14.5104921497585,1.86326992753623,7,5,2,77.5902777777778,29.8541666666667,0.0284722222222222,1.42048611111111,1.69201388888889,1.69201388888889,189
2017-10-06,5.19756944444444,0.381991959064327,42.7709064327485,27.9212711352657,65.4418868996874,12.5254934210526,1.54879385964912,10,5,5,77.1263888888889,29.7736111111111,0.0125,1.40263888888889,1.65034722222222,1.65034722222222,190
2017-10-11,3.66686507936508,0.274166666666667,34.4508605072464,18.9744318181818,44.5380846508564,10.6122010869565,1.90099939613527,5,2,3,74.6736111111111,30.4583333333333,0.0277777777777778,1.33159722222222,1.66388888888889,1.66388888888889,191
2017-10-12,4.87602657004831,0.351434178743961,39.9024305555556,23.6216787439614,67.7948644049188,13.9684974747475,1.8782196969697,9,5,4,75.8506944444444,30.2256944444444,0.00763888888888889,1.321875,1.58506944444444,1.58506944444444,192
2017-10-13,4.053125,0.542743055555556,12.1314462560386,27.5954988550097,70.8894417780287,24.0399456521739,5.98807367149758,11,3,8,86.6041666666667,27.0347222222222,0.582638888888889,1.228125,1.47291666666667,1.47291666666667,193
2017-10-16,3.26881313131313,0.350749007936508,24.1033665458937,12.3008756038647,33.8790486385595,12.7967361111111,3.46631944444444,3,2,1,83.0729166666667,28.5451388888889,0.202777777777778,1.34444444444444,1.65659722222222,1.65659722222222,194
2017-10-17,4.265625,0.425221920289855,34.3739583333333,28.2749094202899,65.6991381203338,15.8618055555556,2.38854166666667,8,5,3,81.5833333333333,28.9375,0.00138888888888889,1.29722222222222,1.54444444444444,1.54444444444444,195
2017-10-18,5.03020833333333,0.439930555555556,34.2721467391304,26.7330314009662,67.7270805884936,17.5402777777778,2.68452596618357,2,1,1,79.8993055555556,28.3020833333333,0,1.46631944444444,1.75208333333333,1.75208333333333,196
2017-10-19,3.85637626262626,0.448479770531401,35.6128019323671,27.6281565656566,66.9150883838384,17.6909226190476,2.70724206349206,12,7,5,76.9340277777778,28.21875,0,1.49826388888889,1.78680555555556,1.78680555555556,197
2017-10-20,4.38890947518665,0.436593928414581,36.2020531400966,31.5400975333041,75.9377607597716,18.0135055916306,2.9678345959596,5,2,3,76.8333333333333,27.1666666666667,0,1.74270833333333,2.11076388888889,2.11076388888889,198
2017-10-23,5.17411812221595,0.591284859464207,50.5802495059289,39.0550595238095,77.746635610766,20.5610324497839,2.16450149377066,8,1,7,65.2083333333333,24.7468297101449,0.0277777777777778,1.3763134057971,1.647086352657,1.647086352657,199
2017-10-24,4.17326388888889,0.538301630434783,48.7970108695652,40.2897041062802,92.8360507246377,19.7297222222222,2.12319444444444,16,9,7,66.7986111111111,25.9305555555556,0.00208333333333333,1.33715277777778,1.58962862318841,1.58962862318841,200
2017-10-25,5.08888888888889,0.542743055555556,50.8128019323672,39.5579710144928,92.9287439613527,21.6154438405797,2.2105827294686,0,0,0,68.9652777777778,25.7465277777778,0.00208333333333333,1.39583333333333,1.65555555555556,1.65555555555556,201
2017-10-26,4.81502525252525,0.479750631313131,45.7948232323232,34.493988801054,86.4470794905578,19.5801767676768,2.35956439393939,7,5,2,69.3702651515152,25.5628156565657,0.0270833333333333,1.39270833333333,1.66783596837945,1.66783596837945,202
2017-10-27,3.99299242424242,0.434340277777778,44.0013888888889,30.785312362758,88.016167105841,19.1845734126984,2.2672619047619,2,2,0,68.3958333333333,24.7986111111111,0.05625,1.8875,2.25590277777778,2.25590277777778,203
2017-10-30,4.22182971014493,0.467189146903821,36.915318627451,31.0659722222222,124.076992753623,21.4463315217391,2.66000905797101,5,3,2,63.7222222222222,24.4201388888889,0.0284722222222222,1.44375,1.76041666666667,1.76041666666667,204
2017-10-31,4.2268115942029,0.406689311594203,38.78125,24.3602033534099,75.4912027887571,19.4236262077295,3.04814311594203,18,10,8,65.0138888888889,24.3680555555556,0,1.31493055555556,1.61215277777778,1.61215277777778,205
2017-11-01,3.81556461352657,0.412827596618357,47.294384057971,26.9067028985507,69.1446256038647,18.3493810386473,1.70902777777778,3,1,2,66.3423913043478,24.9907910628019,0,1.64181763285024,1.93826992753623,1.93826992753623,206
2017-11-02,5.31909722222222,0.498645833333333,39.1159722222222,31.9491243961353,66.9923007246377,24.5996527777778,2.15486111111111,7,6,1,73.6215277777778,25.4618055555556,0.0965277777777778,1.30868055555556,1.61631944444444,1.61631944444444,207
2017-11-03,3.30625,0.452152777777778,30.8625,31.9092693236715,67.6253568291612,19.3513888888889,2.73923611111111,3,3,0,80.0763888888889,26.1875,0.0118055555555556,1.48715277777778,1.78993055555556,1.78993055555556,208
2017-11-06,4.71666666666667,0.839409722222222,22.9940972222222,55.9901062975291,105.325966183575,32.0204861111111,4.13194444444444,3,1,2,82.4965277777778,24.5451388888889,0.0472222222222222,0.881416062801932,1.10354770531401,1.10354770531401,209
2017-11-07,3.81458333333333,0.534791666666667,32.8947916666667,47.3256944444444,88.1524483970136,19.2993055555556,2.846875,7,3,4,81.0381944444444,25.9340277777778,0.0277777777777778,1.53958333333333,1.796875,1.796875,210
2017-11-08,3.91240079365079,0.431031746031746,32.4782738095238,37.1261904761905,88.2445436507936,17.7606150793651,2.58816468253968,3,0,3,79.5654761904762,26.3258928571429,0,1.47291666666667,1.74474206349206,1.74474206349206,211
2017-11-09,4.65868055555556,0.475989583333333,39.7895833333333,32.7795138888889,74.9180253623188,19.8385416666667,2.9484375,6,4,2,75.8350694444444,26.7725694444444,0.000694444444444444,1.30017361111111,1.540625,1.540625,212
2017-11-10,4.25555555555556,0.548333333333333,36.43125,48.6666666666667,113.11964807853,20.6284722222222,2.28854166666667,10,4,6,80.8159722222222,26.3229166666667,0.00763888888888889,1.35104166666667,1.58645833333333,1.58645833333333,213
2017-11-13,4.41770833333333,0.625211627140975,18.7024305555556,35.4012622341427,64.4746161145618,21.9315972222222,5.55138888888889,2,0,2,82.9027777777778,25.5694444444444,0.00277777777777778,1.18125,1.38993055555556,1.38993055555556,214
2017-11-14,4.23497474747475,0.554406702898551,31.9761994949495,46.4412741545894,84.0486660079051,20.9730654761905,4.4922123015873,14,7,7,82.4652777777778,25.9548611111111,0.0291666666666667,1.24479166666667,1.50597826086957,1.50597826086957,215
2017-11-15,4.79097222222222,0.555569142512077,30.7243055555556,42.4380434782609,84.5089975845411,22.3163194444444,3.73715277777778,4,0,4,79.8715277777778,26.3368055555556,0.0277777777777778,1.115625,1.35277777777778,1.35277777777778,216
2017-11-16,5.19826388888889,0.558611111111111,42.6840277777778,45.6556637806638,86.2901021080369,20.8954861111111,3.82361111111111,9,4,5,79.8993055555556,26.0659722222222,0.0569444444444444,1.353125,1.60138888888889,1.60138888888889,217
2017-11-17,4.90902777777778,0.534027777777778,34.1333333333333,42.8784722222222,76.1114267676768,21.9572916666667,3.315625,12,4,8,74.8333333333333,26.9930555555556,0,1.22916666666667,1.50208333333333,1.50208333333333,218
2017-11-19,4.76597222222222,0.445972222222222,27.1364583333333,22.8159722222222,60.1111111111111,18.1847222222222,2.27777777777778,0,0,0,71.9861111111111,23.6597222222222,0,1.39375,1.6375,1.6375,219
2017-11-20,4.66423611111111,0.495520833333333,24.178125,31.6840277777778,88.7501509661836,22.3923611111111,4.01006944444444,4,1,3,73.9236111111111,24.0590277777778,0,1.69375,2.02430555555556,2.02430555555556,220
2017-11-21,4.57071256038647,0.513229166666667,31.6204106280193,31.442481884058,77.3645833333333,23.3717592592593,6.07581018518519,2,2,0,75.9444444444444,24.5208333333333,0,1.33298611111111,1.62735507246377,1.62735507246377,221
2017-11-22,3.08402777777778,0.471388888888889,23.1229166666667,40.3764880952381,92.257095410628,19.3973651960784,2.23464052287582,3,1,2,78.3333333333333,24.2083333333333,0,1.98402777777778,2.42708333333333,2.42708333333333,222
2017-11-23,3.84791666666667,0.629444444444444,30.3034722222222,36.3168780193237,103.475694444444,22.0354166666667,2.96354166666667,8,8,0,70.3576388888889,21.9201388888889,0.00138888888888889,1.95347222222222,2.29479166666667,2.29479166666667,223
2017-11-24,4.06666666666667,0.5675,17.4052083333333,34.673309178744,86.4350342190016,28.3090277777778,4.93888888888889,8,6,2,69.2326388888889,21.0902777777778,0.0333333333333333,1.59791666666667,1.903125,1.903125,224
2017-11-27,4.003125,0.505763888888889,28.8194444444444,31.4589646464646,72.7070540935673,20.659375,3.83506944444444,3,2,1,78.25,24.2916666666667,0.0145833333333333,1.32951388888889,1.57222222222222,1.57222222222222,225
2017-11-28,4.78241792929293,0.661909722222222,34.9712258454106,47.6846316425121,110.378925120773,26.0219742063492,4.8672619047619,9,7,2,78.6458333333333,25.1875,0,1.13333333333333,1.36944444444444,1.36944444444444,226
2017-11-29,3.42743055555556,0.521527777777778,29.8944444444444,47.8904671717172,103.621212121212,19.9947916666667,2.71666666666667,3,1,2,80.3194444444444,25.0868055555556,0,1.43541666666667,1.71527777777778,1.71527777777778,227
2017-11-30,2.77986111111111,0.5059375,30.7239583333333,56.2743055555556,105.482487922705,18.7256944444444,1.853125,11,7,4,80.0173611111111,24.5069444444444,0.00208333333333333,1.76006944444444,2.071875,2.071875,228
2017-12-01,3.68090277777778,0.494270833333333,22.2541666666667,31.045440821256,88.5069444444444,21.7506944444444,3.40729166666667,11,2,9,76.2222222222222,23.3333333333333,0,1.66493055555556,1.91493055555556,1.91493055555556,229
2017-12-04,4.01770833333333,0.526458333333333,26.9454861111111,35.4358393719807,101.277381943,21.7361111111111,3.56701388888889,4,1,3,73.6979166666667,22.3819444444444,0.05625,1.60069444444444,1.90277777777778,1.90277777777778,230
2017-12-05,4.15574494949495,0.590978260869565,27.9527324879227,46.5798611111111,105.273550724638,25.7183531746032,4.21056547619048,17,11,6,66.7777777777778,21.1111111111111,0.0277777777777778,1.50833333333333,1.80381944444444,1.80381944444444,231
2017-12-06,4.671875,0.593611111111111,22.821875,43.2048611111111,87.9756944444444,28.3909722222222,5.07673611111111,1,0,1,66.3402777777778,20.2534722222222,0,1.70694444444444,2.00138888888889,2.00138888888889,232
2017-12-07,3.71701388888889,0.451666666666667,23.8475694444444,28.375,57.1991655687308,22.8076388888889,3.40555555555556,8,5,3,67.6076388888889,21.6006944444444,0.000694444444444444,2.16354166666667,2.553125,2.553125,233
2017-12-08,2.89513888888889,0.482048611111111,21.3743055555556,35.4897342995169,69.7415458937198,22.3263888888889,3.09791666666667,10,5,5,72.5902777777778,18.0694444444444,0,2.41875,2.84618055555556,2.84618055555556,234
2017-12-11,4.67569444444444,0.671145833333333,24.678125,53.4059480676328,117.997433574879,26.9881944444444,4.50625,7,2,5,71.7083333333333,20.4270833333333,0,1.40243055555556,1.68125,1.68125,235
2017-12-12,4.83753156565657,0.676692330917874,13.4722071256039,46.2403381642512,94.2717528546333,30.3989912714098,6.87524017347387,11,6,5,67.9646739130435,20.3977958937198,0.00347222222222222,1.58179347826087,1.86948973429952,1.86948973429952,236
2017-12-13,5.21761363636364,0.551363224637681,25.1790088383838,34.9618055555556,67.4895833333333,25.10625,5.34298611111111,2,0,2,74.7604166666667,21.5590277777778,0.00555555555555556,1.35833333333333,1.65069444444444,1.65069444444444,237
2017-12-14,4.80486111111111,0.568472222222222,23.9241696859903,34.8734903381643,80.1591183574879,27.8576388888889,6.40416666666667,11,5,6,74.8680555555556,22.0416666666667,0,1.25729166666667,1.49375,1.49375,238
2017-12-15,4.24826388888889,0.523993055555556,28.4277777777778,35.4583333333333,77.5858997584541,21.8270833333333,4.75833333333333,8,2,6,78.8715277777778,21.4965277777778,0,1.5125,1.87673611111111,1.87673611111111,239
2017-12-18,3.85590277777778,0.480555555555556,19.2704861111111,26.8993055555556,64.2743055555556,22.4229166666667,4.00590277777778,3,1,2,66.3784722222222,19,0,1.95069444444444,2.28263888888889,2.28263888888889,240
2017-12-19,3.34710144927536,0.4365625,20.7976298309179,24.6595712560386,60.8890398550725,21.2907196969697,3.32496843434343,14,8,6,68.3784722222222,19.0347222222222,0.00138888888888889,2.32048611111111,2.72291666666667,2.72291666666667,241
2017-12-20,3.80520833333333,0.479340277777778,22.4479166666667,30.4168176328502,77.5069444444444,20.9732638888889,3.65416666666667,2,0,2,72.3472222222222,18.53125,0.0548611111111111,1.69236111111111,2.05055857487923,2.05055857487923,242
2017-12-21,4.71875,0.472986111111111,31.725,27.7777777777778,77.9042874396135,22.4024305555556,5.22048611111111,5,3,2,66.5208333333333,18.9618055555556,0.0277777777777778,1.35694444444444,1.60729166666667,1.60729166666667,243
2017-12-22,4.74097222222222,0.578680555555556,36.3563446969697,44.4969806763285,94.8888888888889,25.7708333333333,4.72118055555556,4,1,3,66.1770833333333,19.9548611111111,0,1.34583333333333,1.59444444444444,1.59444444444444,244
2017-12-25,5.07777777777778,0.660347222222222,29.4017361111111,55.0846920289855,105.748943236715,23.6295138888889,3.38125,2,0,2,75.4861111111111,20.7395833333333,0.00416666666666667,1.19895833333333,1.43680555555556,1.43680555555556,245
2017-12-26,4.47885101010101,0.730570652173913,34.8557449494949,61.5243055555556,128.523399758454,25.6309576023392,4.01825657894737,19,12,7,71.7986111111111,21.7152777777778,0.000694444444444444,1.20902777777778,1.4151268115942,1.4151268115942,246
2017-12-27,4.22916666666667,0.558576388888889,33.9572916666667,41.1006944444444,89.3333333333333,23.4965277777778,4.07881944444444,3,2,1,72.3159722222222,21.0069444444444,0.0236111111111111,1.31701388888889,1.54756944444444,1.54756944444444,247
2017-12-28,4.40069444444444,0.472291666666667,35.2472222222222,38.0104166666667,85.2403381642512,21.009375,3.18159722222222,7,4,3,72.5625,21.8263888888889,0,1.28472222222222,1.60104166666667,1.60104166666667,248
2017-12-29,3.01909722222222,0.410763888888889,31.3048611111111,39.8660929951691,87.798309178744,18.5342240338164,2.54423309178744,9,4,5,73.3402777777778,21.9027777777778,0,1.79131944444444,2.12638888888889,2.12638888888889,249
