"date","SO2","CO","O3","PM2.5","PM10","NO2","NO","patient"
2017-01-01,3.8583,0.6825,37.8333,39.4583,95.625,19.9542,4.4125,NA
2017-01-02,2.1417,0.4938,36.8292,64.25,114.5833,16.9917,1.2,NA
2017-01-03,3.2375,0.5512,33.8708,56.2083,104.7917,21.8333,2.5,10
2017-01-04,4.4042,0.5783,34.3958,53.9167,102.8333,22.95,3.85,1
2017-01-05,2.3708,0.4625,33.3333,43.5833,79.5417,17.5833,1.2083,11
2017-01-06,3.8792,0.5258,29.4625,55.2083,89.2917,20.375,4.8,8
2017-01-07,3.8625,0.5538,32.2625,56.0833,93.1667,19.6958,2.5667,NA
2017-01-08,2.35,0.4588,39.1667,38.7083,70.7083,14.4833,1.7792,NA
2017-01-09,4.5875,0.8054,29.2875,46.0833,105.875,25.25,6.0792,4
2017-01-10,4.6417,0.7979,33.5375,53.125,106.0417,26.0833,4.8958,15
2017-01-11,4.6957,0.6826,36.0682,63.9583,117.9583,22.7619,2.5619,3
2017-01-12,3.5417,0.5179,32.1458,42.7083,89.375,19.8818,2.825,7
2017-01-13,3.3583,0.6221,25.1875,52.3333,91.5,22.9583,2.1833,13
2017-01-14,2.8417,0.7138,17.8292,39.0417,61.9583,24.4583,2.4292,NA
2017-01-15,4.0417,0.5733,23.3917,47.25,79.6667,20.75,1.9583,NA
2017-01-16,4.4875,0.45,21.7292,23.7917,60,22.8292,3.2542,1
2017-01-17,5.3333,0.5054,26.1792,35.7917,83.9583,28.8095,6.3429,13
2017-01-18,3.075,0.4325,35.1792,37.8333,83.625,21.125,1.6917,3
2017-01-19,3.1625,0.4617,29.9542,38.0417,75.25,22.8333,2.7875,6
2017-01-20,2.9417,0.6162,23.3917,47.4167,105.125,26.5909,1.9818,11
2017-01-21,3.55,0.59,28.5,50.3333,105.375,23.7917,2.8708,NA
2017-01-22,3.6583,0.5033,31.6083,38.2917,100.0417,21.9167,1.9167,NA
2017-01-23,4.7625,0.615,35.0083,46.6667,109.5,27.85,3.1286,2
2017-01-24,5.0167,0.6521,25.7375,53.375,122.4167,31.7826,4.7174,18
2017-01-25,4.3917,0.5062,25.8625,39.75,88.2917,26.2917,2.9958,6
2017-01-26,3.3458,0.4558,39.5417,34.7083,76.7083,17.9167,1.6292,8
2017-01-27,2.8917,0.4408,35.75,39.0833,87.25,17.4083,0.9292,NA
2017-01-28,3.1167,0.5079,37.3083,33.8333,72.8333,17.0458,0.7958,NA
2017-01-29,3.0167,0.4454,41.25,40.4583,71.4167,15.7417,0.55,NA
2017-01-30,4.5458,0.5258,36.925,44.4583,102.4583,18.1667,1.1333,NA
2017-01-31,3.1458,0.4846,28.3333,27.9583,66.7083,17.5417,0.7708,NA
2017-02-01,2.8875,0.4392,25.25,25.4167,77.1667,17.7292,1.1,NA
2017-02-02,3.1875,0.4609,32.2083,26.1667,78.0417,17.9208,1.3708,9
2017-02-03,3.5875,0.5575,32.0375,42.875,93.875,21.3917,1.9417,6
2017-02-04,3.15,0.5296,22.4,51.625,112.375,21.75,2.2292,NA
2017-02-05,2.7917,0.5467,20.8625,50.375,92.75,21.625,1.7083,NA
2017-02-06,3.1958,0.6796,31.9708,57.6087,116.875,22.6684,5.2789,2
2017-02-07,3.9375,0.5438,36.2625,54.8333,123.5833,22.8458,2.6375,28
2017-02-08,4.8458,0.4367,34.125,34.0417,96.2083,20.2375,2.6625,7
2017-02-09,2.2208,0.3946,31,20.0417,81.0833,15.75,1.6958,13
2017-02-10,5.3083,0.6542,33.625,62.4583,107.8333,24.9167,1.9042,6
2017-02-11,3.4542,0.725,16.0583,77.0417,109.375,29.25,2.1792,NA
2017-02-12,3.4917,0.5354,31.1583,50.0833,87.5833,21.5833,1.775,NA
2017-02-13,4.2042,0.5475,32.7292,37.2917,86.7083,24.2625,3.5458,4
2017-02-14,3.375,0.5488,40.3,44.0833,98.3333,23.3583,3.0625,17
2017-02-15,4.3417,0.4838,39.9583,43.1667,92.2917,22.4833,2.75,1
2017-02-16,4.5417,0.5696,42.1833,45.9583,83.875,24.8333,4.5542,5
2017-02-17,2.9,0.545,38.0792,27.0833,61.625,23.8375,4.6375,9
2017-02-18,2.675,0.5304,40.5792,64.25,123.875,19.1333,2.2875,NA
2017-02-19,4.2375,0.5279,46.15,57.1667,104.2917,16.7417,2.5375,NA
2017-02-20,4.55,0.4788,28.4167,29.4583,72.2083,17.9583,3.625,6
2017-02-21,4.0042,0.5387,36.5583,48.875,106.6818,19.8238,2.6957,20
2017-02-22,6.4792,0.4833,21.5375,38.2083,81.0417,19.1833,3.2875,3
2017-02-23,4.0458,0.5117,24.0833,21.4583,70.75,20.6458,3.35,9
2017-02-24,4.25,0.6933,14.7417,33.9565,75.4348,28.875,4.8625,12
2017-02-25,2.4667,0.5208,26.1917,33.9583,59.7917,22.625,1.9708,NA
2017-02-26,2.2792,0.3967,31.0292,29.375,61.0417,16.2583,1.0292,NA
2017-02-27,4.575,0.4912,36.8583,43.625,88.2083,18.7375,1.8125,3
2017-02-28,4.9667,0.5079,41.375,48.1667,89.8333,19.5,1.0375,NA
2017-03-01,4.2125,0.4562,35.825,38.5,74.5833,19.15,1.5917,3
2017-03-02,5.3583,0.5196,47.3333,54.0417,130.4583,22.2917,0.5833,11
2017-03-03,5.3208,0.5771,40.6958,52.2917,117.25,24.25,2.0625,9
2017-03-04,6.2083,0.6496,53.375,57.25,105.2917,23.6458,0.9125,NA
2017-03-05,3.65,0.5083,37.1667,31.125,70.9583,18.8667,1.0833,NA
2017-03-06,3.9833,0.4367,32,24.0417,63.5417,19.1833,1.075,6
2017-03-07,4.675,0.6504,17.0792,65.125,105.9167,32.9583,2.4333,17
2017-03-08,2.7417,0.655,9.8292,42.6957,65.7826,31.8571,3.9333,6
2017-03-09,4.2667,0.735,36.9042,46.3333,69.75,26.2042,7.2,10
2017-03-10,4.2625,0.6362,32.3708,48.625,88.3333,25.7958,1.85,5
2017-03-11,2.4958,0.4608,45.5417,40.875,75,15.8417,1.0542,NA
2017-03-12,4.1458,0.5017,45.6667,40.5,75.625,14.1917,1.3167,NA
2017-03-13,2.3417,0.3908,50.9167,31.4583,58.0833,10.7625,0.3958,6
2017-03-14,3.9375,0.4521,34.2083,38.0833,70.7917,19.875,1.025,10
2017-03-15,5.1125,0.4579,39.875,41.9167,76.4167,20.6625,2.9667,3
2017-03-16,4.9333,0.4896,40.4583,38.4583,71.0833,19.0583,3.25,14
2017-03-17,3.6042,0.4688,38.8292,41.7083,68.2917,15.9042,7.375,12
2017-03-18,5.1917,0.5183,44.3,52.375,88.1667,17.4292,3.4875,NA
2017-03-19,4.1875,0.5333,34.575,50.5833,83.2917,11.7167,9.6708,NA
2017-03-20,4.0875,0.4412,35.375,28.25,54.5,11.1381,2.9091,5
2017-03-21,3.5375,0.4992,43.2833,35.1667,74.3333,11.2042,2.0208,17
2017-03-22,4.55,0.5712,47.4458,37.1667,76.4583,10.3304,1.5565,2
2017-03-23,3.0167,0.375,58.1667,26.4444,70,11.5611,0.3,10
2017-03-24,5.175,0.5246,54.5125,38.9167,81.1667,15.175,1.6542,11
2017-03-25,2.65,0.4212,48.0833,25.75,68.875,10.7667,0.975,NA
2017-03-26,2.875,0.5433,23.6292,18.75,38.75,15.9,0.8042,NA
2017-03-27,2.8083,0.5267,49.75,28.6667,65.125,13.225,1.9083,3
2017-03-28,4.9708,0.4879,62.9583,35.375,84.75,18.6,0.695,14
2017-03-29,5.4292,0.5333,56.0125,50.2917,96.6667,19.225,1.6792,3
2017-03-30,5.9875,0.5771,53.4,52.1667,93.4167,18.7167,1.0375,12
2017-03-31,3.7833,0.3958,30.2083,29.5,60.4583,13.7625,2.2958,13
2017-04-01,2.6167,0.4062,53.25,23.5833,58.0417,13.9083,0.4333,NA
2017-04-02,2.425,0.3783,65.9583,38.625,62.0417,10.625,0.1292,NA
2017-04-03,2.4167,0.3467,69.875,31.75,57.9583,9.1792,0.4417,NA
2017-04-04,3.7083,0.3408,69.375,32.0417,59.9583,10.1333,0.8917,NA
2017-04-05,3.9542,0.3908,64.3333,39.8333,74.9167,12.3583,0.2958,3
2017-04-06,5.5125,0.4438,35.0208,30.9583,63.2917,22.1958,2.2083,12
2017-04-07,5.0917,0.3312,26.6667,14.6667,50.0417,14.35,1.2083,11
2017-04-08,4.3833,0.3175,22.7125,19.7083,52.3333,13.2583,0.9083,NA
2017-04-09,3.8708,0.2429,19.3042,13.7917,42.2917,9.2875,1.3458,NA
2017-04-10,3.0542,0.2754,15.9792,15.75,33.5417,9.5542,1.1833,5
2017-04-11,2.8542,0.2304,15.0208,12.25,31.25,8.1708,0.8333,18
2017-04-12,4.1292,0.6554,7.9333,28.0417,49.7917,25.8875,5.925,3
2017-04-13,2.2333,0.6833,34.0417,42.4167,61.125,22.4375,1.725,10
2017-04-14,4.1708,0.6388,36.975,48.3182,76.3636,21.6955,1.5542,20
2017-04-15,3.6917,0.5008,51.5,37.9167,67.9583,14.3083,1.1333,NA
2017-04-16,3.3625,0.2471,32.4167,22.5,47.125,8.0208,0.875,NA
2017-04-17,4.1583,0.2917,18.5333,17.2083,42.625,10.8375,1.8542,5
2017-04-18,1.5762,0.1659,35.1905,15.2917,31.75,4.45,0.14,27
2017-04-19,3.6292,0.3538,39.7958,31.5833,50.1667,14.2409,0.7833,8
2017-04-20,2.725,0.2483,24.0083,19.0833,35.75,10.9042,1.6125,7
2017-04-21,1.5333,0.1758,20.0833,16.125,27.8333,6.5292,0.3042,9
2017-04-22,2.325,0.3829,27.5833,24.2917,42.7083,15.8625,0.7417,NA
2017-04-23,2.6458,0.5483,31.2083,22.1667,46.5833,19.1542,0.6875,NA
2017-04-24,3.0125,0.5337,49.9167,28.0417,55,16.6333,0.4158,7
2017-04-25,2.65,0.5208,62.9167,52.75,88.4167,19.3125,1.2792,18
2017-04-26,4.6458,0.4762,49.2083,43.9167,74.9167,15.8667,1.6208,5
2017-04-27,3.9875,0.3775,31.9167,34.25,56.375,17.9,2.1208,11
2017-04-28,2.9542,0.3558,55.5,18.9167,44.8333,17.2917,1.8833,9
2017-04-29,4.9917,0.4367,69.875,28.0833,66.75,22.2083,1.4708,NA
2017-04-30,3.6333,0.3692,67.4583,25.6667,55.375,17.4375,0.85,NA
2017-05-01,6.7458,0.43,59.875,29.125,58.2083,20.8292,1.9292,NA
2017-05-02,4.8458,0.3838,51.9167,31.5,62.7083,17.5125,1.8708,34
2017-05-03,5.3958,0.3575,46.75,33.3333,55.4583,12.6792,0.9458,2
2017-05-04,5.0667,0.3212,41.5417,32,59.4583,14.0375,1.775,14
2017-05-05,5.9042,0.3562,44.9917,41.7083,69.3333,13.8375,1.7333,12
2017-05-06,3.7833,0.3667,40.5375,32.6667,64.375,13.9292,1.6542,NA
2017-05-07,3.7458,0.4204,50.125,41.25,74.2083,14.4125,1.6667,NA
2017-05-08,4.7667,0.3033,30.25,21.8333,54.5,14.5125,2.3417,3
2017-05-09,3.7375,0.1867,18.1042,12.0833,32.75,10.5,2.1375,13
2017-05-10,3.9542,0.2921,42.6958,22.625,51.4167,13.0125,1.6083,5
2017-05-11,3.6333,0.2938,47.5833,28.5,55.125,12.3917,1.2042,8
2017-05-12,5.6542,0.2892,17.6042,12.3182,44.1818,14.3333,3.9292,9
2017-05-13,1.6292,0.1529,30.75,14.7917,33.7083,7.5458,1.0917,NA
2017-05-14,3.6667,0.2275,41.875,14.5417,36.5417,10.65,1,NA
2017-05-15,4.7375,0.2683,53.0417,19.3333,43.125,12.6042,1.0417,6
2017-05-16,4.3125,0.4454,16.5417,15.5217,43.913,24.0417,5.5,16
2017-05-17,3.3708,0.3729,52.3333,16.5,40.75,18,1.4583,1
2017-05-18,4.2333,0.4267,63.75,32,62.2917,18.4583,0.8458,4
2017-05-19,4.45,0.5104,42.875,34.125,69.8333,22.5167,1.6417,9
2017-05-20,2.975,0.9279,30.875,21.375,46.875,16.2917,3.1125,NA
2017-05-21,2.4417,0.6325,40.675,26.0417,55.25,13.2833,1.3417,NA
2017-05-22,2.0583,0.1862,39.9167,14.4167,33.7917,6.6708,0.8292,9
2017-05-23,2.875,0.1679,32.2917,15.3333,31.1667,7.6208,1.35,12
2017-05-24,2.2458,0.2229,19.1917,7,25.7917,8.1167,2.0042,2
2017-05-25,3.2125,0.3075,17.9696,10.6087,23.913,14.2792,3.3458,11
2017-05-26,3.4292,0.49,43.2292,25.25,51.7083,21.8333,1.9708,10
2017-05-27,3.4417,0.3808,51.125,26.9583,56.4167,15.65,0.8417,NA
2017-05-28,3.2208,0.4108,53.75,35.9583,65.7917,15.4167,0.5667,NA
2017-05-29,3.4083,0.2917,64,24.375,53.7083,9.75,0.9833,1
2017-05-30,4.7042,0.4317,24.5542,16.6667,38.0417,18.0417,2.5708,NA
2017-05-31,3.5083,0.2004,23.9708,8.0417,21.375,11.3458,0.6417,2
2017-06-01,2.05,0.1737,17.2042,8.5652,23.3043,8.3875,1.4708,15
2017-06-02,2.0375,0.1333,15.9583,8.875,38.2083,5.4875,1.1458,7
2017-06-03,2.1125,0.1308,19.7083,12.0833,34.7917,4.4542,1.0708,NA
2017-06-04,2.675,0.3983,15.5625,4.625,27.0417,15.0625,5.0083,NA
2017-06-05,3.2913,0.3442,15.1208,11.5,32.9583,13.1,3.4917,4
2017-06-06,2.4542,0.2233,16.9417,9.875,32.0417,11.8625,2.8333,10
2017-06-07,4.5667,0.1962,17.7542,11.125,27.0833,10.5125,2.4,6
2017-06-08,4.7042,0.25,13.475,13.75,29.9167,13.6792,3.2542,10
2017-06-09,3.025,0.29,19.7958,10.7083,36.875,16.3292,2.8792,13
2017-06-10,2.2917,0.2667,9.325,11.75,33.5,13.275,3.9125,NA
2017-06-11,2.9292,0.2175,14.3167,8.0833,28,10.3292,2.8042,NA
2017-06-12,3.6833,0.2271,19.9708,8.2917,30.3333,11.5167,2.3917,7
2017-06-13,2.0542,0.1921,15.0375,6.7273,29.8261,8.9792,3.0708,14
2017-06-14,2.2625,0.1883,10.8958,7.9583,32.75,11.6708,2.4958,4
2017-06-15,3.0792,0.5342,6.0458,9.9583,30.9583,19.9333,14.2458,15
2017-06-16,2.7045,0.3029,10.1292,11.9583,36.125,12.7458,4.6208,3
2017-06-17,1.2417,0.2629,13.6708,8.8333,38,11.475,3.0417,NA
2017-06-18,2.6875,0.2612,10.625,5.75,29.4583,10.4042,2.6875,NA
2017-06-19,1.7652,0.2075,11.9833,8.3043,29.5217,9.4792,2.4583,3
2017-06-20,3.15,0.2162,11.1583,9.2083,28.625,9.575,2.2958,21
2017-06-21,2.8625,0.235,10.6,8.375,26.7917,10.9,3.1292,8
2017-06-22,2.4833,0.1933,14.9458,7.1667,23.5833,9.3458,2.7292,5
2017-06-23,4.125,0.1567,17.275,9.1667,26.4583,8.5292,1.9625,11
2017-06-24,2.7917,0.1554,16.925,8.9167,28.3333,8.2417,1.6583,1
2017-06-25,2.5292,0.1079,18.1042,2.8333,25.875,5.6708,1.1167,NA
2017-06-26,2.1917,0.1,18.3833,5.5,26.1667,5.0375,1.4625,2
2017-06-27,2.5,0.0975,16.1333,9.087,27.5217,6.6,1.4833,12
2017-06-28,2.75,0.1575,17.3625,8.4583,25.8333,8.4125,1.6833,1
2017-06-29,4.4292,0.3383,24.3958,14.5,38.4167,17.3,3.1083,12
2017-06-30,4.2375,0.3383,11.6083,9.875,32.75,15.875,5.7292,11
2017-07-01,4.8792,0.2342,8.2583,7.2917,35.9167,12.2625,4.2333,NA
2017-07-02,3.7667,0.1954,10.2167,6.625,24.6667,11.4583,2.725,NA
2017-07-03,3.615,0.2205,14.58,10.25,28.35,12.395,3.33,7
2017-07-04,4.6042,0.2808,8.9542,6.2083,31.6667,14.6167,5.7625,15
2017-07-05,4.4875,0.3179,15.4417,7.2917,36.5833,14.0208,6.05,4
2017-07-06,5.7625,0.3571,18.2542,15.0455,42.6818,16.4125,3.4708,14
2017-07-07,3.4708,0.2704,9.3167,8.4167,28.2083,13.3042,4.7667,12
2017-07-08,3.7125,0.2342,9.7167,8.9167,29.9167,12.0208,2.8833,NA
2017-07-09,4.0958,0.2104,11.9208,8.4167,29.0833,11.6833,3.9333,NA
2017-07-10,5.0375,0.1792,11.8958,7.2083,24.125,11.8125,2.6583,10
2017-07-11,4.75,0.2708,12.3542,7.0909,35.4091,14.0909,3.2227,24
2017-07-12,5.0304,0.3288,14.775,10.375,34.9167,18.9043,13.3913,1
2017-07-13,1.9,0.2467,25.5667,10.5417,32,11.7542,2.7917,11
2017-07-14,4.0333,0.2721,25.7333,13.375,39.9583,15.0542,2.3375,8
2017-07-15,3.7667,0.3088,32.3667,20.5,40.4167,16.9958,1.4125,NA
2017-07-16,3.1917,0.2975,29.4625,16.4583,42.8333,12.95,2.3375,NA
2017-07-17,3.1958,0.3625,33.925,17.5833,42.0833,15.3875,4.7833,3
2017-07-18,3.9958,0.3225,39.35,23.75,50.8333,17.225,0.9667,17
2017-07-19,3.2042,0.2596,33.5083,20.5652,45.2174,14.3542,0.7125,2
2017-07-20,4,0.2304,43.0417,23.5833,42.3333,10.7667,1.0125,12
2017-07-21,4.2857,0.3562,40.1417,23.6667,48.25,15.3,0.9583,12
2017-07-22,0.9833,0.2612,35.85,22,45.375,11.3542,1.1,NA
2017-07-23,2.55,0.1675,29.3833,14,37.3333,7.9458,0.5167,NA
2017-07-24,4.6125,0.2917,22.7875,11,34.1667,15.4417,0.9292,5
2017-07-25,4.7625,0.3079,22.2625,11.5417,31.0417,16.7,2.1,30
2017-07-26,2.6083,0.4104,17.1292,12.4348,33.1304,18.3375,3.875,3
2017-07-27,3.1542,0.2725,20.575,9,32.0833,13.4542,2.7708,9
2017-07-28,3.5,0.2521,35.625,30,82.4583,12.2,0.9208,4
2017-07-29,2.2583,0.1521,31.9167,14.25,38.2083,7.1792,0.4708,NA
2017-07-30,2.6667,0.1596,26.2917,6.25,27.6667,6.4375,0.95,NA
2017-07-31,2.6625,0.1892,28.7917,11.4583,41.2083,9.2125,0.9708,NA
2017-08-01,4.6389,0.5154,7.6944,11.1429,34.5,18.2722,6.45,15
2017-08-02,3.2333,0.5579,17.2,12.2917,32.7083,20.775,6.9333,1
2017-08-03,1.225,0.4238,18.6292,17.3333,41.5,13.2875,3.0917,8
2017-08-04,15.2583,0.2975,20.2958,16.5833,58,12.2583,1.5667,11
2017-08-05,1.3625,0.1854,19.1208,16.125,47.875,10.025,1.2208,NA
2017-08-06,2.4875,0.15,16.6542,10.7083,34.125,5.3833,0.9125,NA
2017-08-07,1.8917,0.1508,15.8208,8.5417,29.6667,4.9042,0.5333,2
2017-08-08,2.675,0.1921,13.6542,8.9583,33.2083,7.5458,1.675,21
2017-08-09,2.5208,0.1796,14.075,11.7917,29.375,7.0333,1.6542,2
2017-08-10,2.0864,0.1905,18.0591,9.7895,36.7368,6.1136,1.5909,11
2017-08-11,2.5292,0.1683,19.825,11.75,33.5,6.3833,1.8292,8
2017-08-12,2.2,0.1333,17.8833,8.5417,32.7917,5.1,1,NA
2017-08-13,2.3125,0.1388,15.0375,7.0417,25.4583,3.5125,0.6375,NA
2017-08-14,2.9,0.1158,12.2042,5.2917,21.4583,6.0958,1.2375,3
2017-08-15,2.8958,0.1217,14.9583,7.3913,22.4348,7.9583,1.1458,13
2017-08-16,3.2958,0.1812,16.4042,9.4167,24.5417,12.55,1.9125,1
2017-08-17,3.8375,0.1912,28.9833,14.5652,33.4348,9.8333,1.7375,8
2017-08-18,4.575,0.2629,37.4583,21.5833,40.875,9.7042,1.0958,10
2017-08-19,3.0792,0.1862,24.5042,15.2083,33.2917,9.1917,0.9417,1
2017-08-20,3.3125,0.1733,19.8958,10.125,30.25,9.2875,0.9292,NA
2017-08-21,3.5333,0.2383,28.4583,21,44.7083,12.1083,1.0875,3
2017-08-22,3.3583,0.3925,19.1125,14.5833,39.6667,16.1083,2.5792,15
2017-08-23,4.3083,0.2908,17.8458,8.375,30.0417,14.2375,2.6375,1
2017-08-24,3.9917,0.3858,22.0958,10.1667,30.7083,17.4458,2.0583,8
2017-08-25,2.225,0.2371,34.9583,15.2174,35.9565,11.3375,1.0417,11
2017-08-26,5.1083,0.3342,33.8917,28.6667,54.625,16.1042,1.5792,NA
2017-08-27,4.8292,0.2788,18.0583,15.75,37.75,13.3542,2.2167,NA
2017-08-28,3.5,0.3392,25.9875,10.375,39.375,16.3458,2.8083,3
2017-08-29,1.9083,0.2392,30.0458,15,38.5,12.8458,0.7333,9
2017-08-30,4.2042,0.3075,38.6667,19.913,47.6957,17.3125,1.475,6
2017-08-31,4.5458,0.3158,25.5417,23.9583,45.9167,14.0292,2.5167,7
2017-09-01,4.7667,0.5179,13.45,17.4167,40.7083,23.5833,5.4167,7
2017-09-02,5.2833,0.4392,20.2458,19.8333,43.5833,18.9167,3.5583,NA
2017-09-03,4.4167,0.2808,27.3333,12.7083,34.4583,12.4375,1.3375,NA
2017-09-04,3.1625,0.2321,22.3375,12.9583,34.6667,9.8542,1.6667,4
2017-09-05,3.45,0.26,30.825,18.4091,35.6364,11.6042,1.0083,8
2017-09-06,4.3083,0.3375,18.4708,18.2083,45.0417,14.3333,1.9667,2
2017-09-07,1.8417,0.275,17.875,9.7917,27.5833,11.6,2.2292,11
2017-09-08,3.4125,0.2446,17.1583,11.875,27.0833,10.625,1.7625,6
2017-09-09,4.9375,0.2079,16.4458,11,27.5417,10.9958,1.9208,NA
2017-09-10,3.35,0.2133,18.4167,12.2917,28.375,10.0625,0.9875,NA
2017-09-11,3.3458,0.2296,18.5417,13.9167,33.75,10.8417,1.8333,8
2017-09-12,4.0792,0.2354,28,22.25,42.5417,13.3833,2.3208,17
2017-09-13,4.9917,0.2783,45.6667,25.4167,57.2917,11.3042,0.85,2
2017-09-14,3.975,0.2796,45.375,23.1739,65.0435,12.0292,0.5875,12
2017-09-15,3.0292,0.1858,48.9167,13.25,41.25,8.2708,0.3708,15
2017-09-16,3.7833,0.285,50.25,19.8333,47.75,10.0708,0.625,NA
2017-09-17,3.6208,0.3012,58.6667,30.625,58.2083,9.5208,0.1708,NA
2017-09-18,4.725,0.3208,76.7083,24.9583,59.9583,9.3167,1.0875,14
2017-09-19,4.6042,0.4042,51.125,25.4167,55.7917,16.1542,0.9708,13
2017-09-20,4.1,0.4971,44.2917,37.9583,70.1667,20.525,1.3625,2
2017-09-21,4.9,0.3033,47.4167,25.7391,53.5,12.6583,0.4875,6
2017-09-22,3.9625,0.3438,54.0417,35.625,60.375,10.4875,1.4792,10
2017-09-23,4.8542,0.2767,41.9167,30.8333,50.9167,11.3625,0.75,NA
2017-09-24,5.85,0.3321,33.2458,29.0833,52.8333,15.1208,1.4875,NA
2017-09-25,3.5458,0.2004,23.7,12.0833,36,9.1292,1.1167,4
2017-09-26,3.0875,0.1646,27.8667,14.4545,30.8261,8.825,1.0917,13
2017-09-27,4.2125,0.1667,23.3842,19.1667,38.5833,10.6667,1.4875,3
2017-09-28,3.5042,0.1558,21.5,14,23.4167,9.5083,1.1792,8
2017-09-29,3.6125,0.3271,33.5125,17.9583,42.7083,16.4125,1.825,12
2017-09-30,2.9375,0.2938,48.925,19.7917,50.375,11.6458,1.075,NA
2017-10-01,2.9792,0.3283,44.2083,18.25,51.2083,10.5708,1.5292,NA
2017-10-02,4.3708,0.3529,41.9917,29.9583,53.9167,13.0375,0.4625,9
2017-10-03,4.1708,0.5783,35.8542,24,64.0435,21.6875,3.2083,14
2017-10-04,4.4417,0.4612,51.0375,41.7083,75.4583,12.6333,0.9583,NA
2017-10-05,3.9917,0.4454,47.8833,36.9167,75,15.15,0.625,9
2017-10-06,3.8542,0.3433,47.375,24.5652,68.6522,11.7625,1.2167,13
2017-10-07,4.6667,0.3929,52.6667,28.5417,60.6667,13.5625,1.6875,NA
2017-10-08,4.8417,0.3842,52.5417,31,64.625,13.275,0.6583,NA
2017-10-09,3.3333,0.3096,37.0833,19.75,53.0833,9.8292,0.4667,NA
2017-10-10,3.5958,0.2642,33.2917,16.125,48.7083,10.8333,0.5167,NA
2017-10-11,3.4208,0.1817,44.7083,16.1667,43.9583,7.6417,0.3625,6
2017-10-12,3.5458,0.3279,43,23.0833,78.375,14.5917,1.0042,10
2017-10-13,3.5,0.5429,11.8583,23.5217,78.8261,30.375,3.9333,14
2017-10-14,1.925,0.4025,8.3167,5.4167,23.9167,18.0875,7.6333,NA
2017-10-15,2.7458,0.2975,11.4042,4.7083,18.25,14.55,4.1792,NA
2017-10-16,2.7458,0.3667,27.3583,12.4167,40.4583,14.8792,4.1625,4
2017-10-17,3.2875,0.4292,36.925,29.25,79.9167,19.4792,1.6917,9
2017-10-18,3.0958,0.4046,32.9167,26.8696,68.1739,20.5417,1.0042,2
2017-10-19,3.05,0.4333,36.6042,25.7083,69.625,19.4583,2.7917,15
2017-10-20,2.8708,0.3779,37.5125,24.2917,74,18.9583,1.6792,7
2017-10-21,2.3875,0.3108,46.0417,19.8333,74.7917,14.75,0.5125,NA
2017-10-22,3.5792,0.4567,54.5,31.125,314.0769,16.5833,0.6208,NA
2017-10-23,5.7143,0.6759,50.1364,41.8261,92.2857,29.5789,2.0579,8
2017-10-24,3.7417,0.5579,52.3333,43.75,108.625,23.7375,2.1292,18
2017-10-25,4.2292,0.4925,54.9583,38.375,92.9167,18.3625,1.45,2
2017-10-26,4.7792,0.5271,48.2875,37.75,90.3333,22.2917,1.0875,9
2017-10-27,3.1583,0.4125,46.1208,29.375,90.4167,20.125,0.9417,6
2017-10-28,3.4,0.3941,45.2917,34.9167,85.125,15.3,0.4389,NA
2017-10-29,2.8625,0.4196,51.2083,45,130.25,20.1667,0.9375,NA
2017-10-30,3.7783,0.4555,38.0588,33.25,142.5,25.5217,1.4609,6
2017-10-31,3.4917,0.3562,42.2583,23.6087,76.7391,25.4913,3.187,23
2017-11-01,3.4333,0.3904,51.4583,25.4167,70.9167,17.6708,1.2167,3
2017-11-02,3.4667,0.4558,42.375,29.2917,69.7917,21.9583,0.9625,8
2017-11-03,2.8,0.3775,30.3083,30,75.8333,19.0833,1.6167,3
2017-11-04,3.0458,0.4221,41.4583,30.9583,104.3333,20,1.1042,NA
2017-11-05,3.8708,0.4121,39.4167,24.5,75.0417,19.7083,1.0417,NA
2017-11-06,4.1333,0.8558,24.1417,56.7368,112.2917,39.25,3.675,3
2017-11-07,2.6917,0.4671,36.6875,50.8333,93.7917,19.2417,1.2958,9
2017-11-08,2.8667,0.4054,35.6958,40.75,98.375,18.9,1.205,3
2017-11-09,3.0083,0.4496,45.6667,40.7083,81.3333,16.7333,2.0292,6
2017-11-10,3.5542,0.4829,38.1917,51.5417,116.625,19.4083,1.9667,10
2017-11-11,2.6833,0.5833,17.05,71.125,119.25,22.7917,1.8625,NA
2017-11-12,1.7375,0.5475,15.0042,30.625,61.7083,18.3333,1.925,NA
2017-11-13,2.575,0.5425,16.875,32.3333,63.5417,23.9167,3.3333,3
2017-11-14,2.5625,0.4958,33.925,49.7917,87.5,21.2583,2.0625,18
2017-11-15,4.5083,0.5262,33.5375,45.4583,90.625,23.875,2.975,4
2017-11-16,4.2917,0.5479,48.8083,54.7273,89.2609,20.775,3.1792,12
2017-11-17,3.5458,0.5237,39.5167,54,79.4167,21.3208,1.7375,11
2017-11-18,3.3667,0.4312,34.3125,42.1667,99.0417,18.825,1.2083,NA
2017-11-19,3.4625,0.4121,30.2042,21.9167,59.5417,17.4792,1.3542,1
2017-11-20,3.7333,0.4308,23.3542,32.25,90.5417,22.75,2.5167,3
2017-11-21,3.8,0.4479,33.5417,28.7917,75.5417,22.3333,2.8208,3
2017-11-22,2.9083,0.4362,24.35,44.3333,92.9583,18.7917,1.7833,4
2017-11-23,3.3708,0.5596,33.5,41.0417,108.0833,21.4583,1.0875,9
2017-11-24,3.7542,0.515,19.0083,32.7083,80.125,27.875,2.6958,8
2017-11-25,3.7042,0.4504,28.3167,30.5417,66.8333,22.6667,2.0458,NA
2017-11-26,2.9625,0.4004,24.4125,29.9583,64.125,18.3167,1.7667,NA
2017-11-27,2.6208,0.4325,31.5875,31.9583,67.8333,19.2917,2.1708,5
2017-11-28,3.7,0.5858,37.8667,43.875,96.0833,23.8417,2.6,9
2017-11-29,2.5833,0.4592,32.6792,52.9583,97.4583,18.6208,1.9708,3
2017-11-30,2.3583,0.4738,32.75,64.25,108.25,18.4583,0.8042,13
2017-12-01,3.0792,0.4642,24.8833,29.4583,94.9583,21.0417,1.2292,11
2017-12-02,3.8542,0.5079,22.125,35.0833,86.5833,22.8333,2.0458,NA
2017-12-03,3.7208,0.4762,25.5208,41.3333,75.3333,18.1667,1.5417,NA
2017-12-04,2.9667,0.4504,30.1208,33.5,32.1053,18.9583,2.2708,4
2017-12-05,3.4417,0.5525,31.1417,44.9583,65.3478,23.5833,2.4708,16
2017-12-06,4.1292,0.5762,24.0167,43.5417,83.5833,29,2.8667,2
2017-12-07,3.0417,0.4262,25.7167,23.9167,47.4583,22.625,1.5542,7
2017-12-08,2.5792,0.4604,25.4583,37.8333,65.25,20.6625,1.8333,9
2017-12-09,3.0208,0.5854,16.8458,42.375,70.7083,26.0417,3.7625,NA
2017-12-10,2.7333,0.5292,28.0792,38.9167,65.5,19.75,2.3167,NA
2017-12-11,3.8292,0.6421,28.7,56.375,106.2917,25.9167,2.2875,8
2017-12-12,4.1042,0.6075,14.7875,43.375,89.0455,30.1667,4.7542,15
2017-12-13,4.1792,0.5275,26.4417,33.5,65.7083,25.3333,2.9333,3
2017-12-14,3.8083,0.5425,30.4833,40.0833,88.6667,26.7542,3.5375,11
2017-12-15,3.2167,0.4938,32.4083,37.8333,85.25,22.25,2.8833,9
2017-12-16,1.4375,0.3858,26,32.375,87.375,14.4167,1.1125,NA
2017-12-17,2.775,0.4892,26.0417,27,65.7917,16.875,1.3333,NA
2017-12-18,3.0583,0.4462,20.0708,26.2917,71.25,21.7083,3.3375,4
2017-12-19,2.9,0.375,23.7375,24.8333,67.4167,19.875,1.6292,16
2017-12-20,3.4125,0.4288,26,31.0833,89.0417,19,2.0833,2
2017-12-21,3.65,0.425,36.8083,26.4167,80.8333,19.3333,2.7792,6
2017-12-22,4.0875,0.5775,40.8083,50.2083,102.0833,23.0083,2.7958,6
2017-12-23,3.15,0.4246,48.0417,49,95.7083,16.3458,0.6875,NA
2017-12-24,2.9708,0.5038,41.9583,62.7917,116.3333,16.5417,1.4583,NA
2017-12-25,4.1083,0.6908,34.8333,58.6667,122,22.8667,1.8083,2
2017-12-26,4.6083,0.745,32.8167,65.25,146.625,28.875,4.3208,21
2017-12-27,3.9875,0.5192,38.25,44.5833,97.5833,24.875,2.6792,3
2017-12-28,4.0125,0.4233,38.3708,41.25,92.8333,18.7708,1.7625,10
2017-12-29,2.8167,0.3642,33.875,39.7083,101.1667,17.125,1.45,9
2017-12-30,2.8792,0.4104,34.75,37.75,81.375,17.7083,1.0875,NA
2017-12-31,2.5875,0.6833,32.2917,68.9167,134.2917,18.3167,1.3208,NA
